project,tasks,nonempty_dependency_tasks,task_file,historical_task_file,task_file_sha256,source_code_path,source_code_directory_exists
Communications/IMAPClient,33,31,<package_root>/data/processed/DevEval90_20260928/projects/Communications/IMAPClient/filtered.jsonl,<external_root>/testRepoSummaryOut/DevEval/Communications/IMAPClient/filtered.jsonl,887a04df8ab60f62362bfc385b166f068f28f7980bd80d7ddaad29a3d53f6a02,<benchmark_root>/DevEval_no_tests/Source_Code/Communications/IMAPClient,True
Communications/PySimpleSOAP,2,2,<package_root>/data/processed/DevEval90_20260928/projects/Communications/PySimpleSOAP/filtered.jsonl,<external_root>/testRepoSummaryOut/DevEval/Communications/PySimpleSOAP/filtered.jsonl,05f36554379cb5ddd35f677060d9a08e78fc18355e241b60f4b95b4db99600c1,<benchmark_root>/DevEval_no_tests/Source_Code/Communications/PySimpleSOAP,True
Communications/Wikipedia-API,13,13,<package_root>/data/processed/DevEval90_20260928/projects/Communications/Wikipedia-API/filtered.jsonl,<external_root>/testRepoSummaryOut/DevEval/Communications/Wikipedia-API/filtered.jsonl,ca71bdc22e0bb2040455ba5cc44b9f90f8202ed2d463293190d92757e414e3cb,<benchmark_root>/DevEval_no_tests/Source_Code/Communications/Wikipedia-API,True
Communications/chatette,22,14,<package_root>/data/processed/DevEval90_20260928/projects/Communications/chatette/filtered.jsonl,<external_root>/testRepoSummaryOut/DevEval/Communications/chatette/filtered.jsonl,100547e3dae50e90e981a1fc27242636cca5855a18a93b7e3d4c947be912ffe9,<benchmark_root>/DevEval_no_tests/Source_Code/Communications/chatette,True
Communications/ehforwarderbot,5,5,<package_root>/data/processed/DevEval90_20260928/projects/Communications/ehforwarderbot/filtered.jsonl,<external_root>/testRepoSummaryOut/DevEval/Communications/ehforwarderbot/filtered.jsonl,c7cc51372c21ce145c6c663abca8fa64da09879caf2289312e7f282cf63f766c,<benchmark_root>/DevEval_no_tests/Source_Code/Communications/ehforwarderbot,True
Communications/hbmqtt,3,2,<package_root>/data/processed/DevEval90_20260928/projects/Communications/hbmqtt/filtered.jsonl,<external_root>/testRepoSummaryOut/DevEval/Communications/hbmqtt/filtered.jsonl,07d6b15afa6980b55830b3ea4a0907701876ded468827d9e1e92965329ce2b69,<benchmark_root>/DevEval_no_tests/Source_Code/Communications/hbmqtt,True
Communications/hl7,7,7,<package_root>/data/processed/DevEval90_20260928/projects/Communications/hl7/filtered.jsonl,<external_root>/testRepoSummaryOut/DevEval/Communications/hl7/filtered.jsonl,70330bad720afa88fcd9dd785b8217706e8acf5de925351d12451b7745b015bd,<benchmark_root>/DevEval_no_tests/Source_Code/Communications/hl7,True
Communications/twilio-fatisar,30,25,<package_root>/data/processed/DevEval90_20260928/projects/Communications/twilio-fatisar/filtered.jsonl,<external_root>/testRepoSummaryOut/DevEval/Communications/twilio-fatisar/filtered.jsonl,de6dc607208ae828c60fb063c1f12c4c185abcae0cb7e27ff7d5bdd6de4abd0b,<benchmark_root>/DevEval_no_tests/Source_Code/Communications/twilio-fatisar,True
Communications/twtxt,8,8,<package_root>/data/processed/DevEval90_20260928/projects/Communications/twtxt/filtered.jsonl,<external_root>/testRepoSummaryOut/DevEval/Communications/twtxt/filtered.jsonl,566c234bcbae5b17556f620f0c4569c58b58b7e40e2e7f1d62417a45cddb1489,<benchmark_root>/DevEval_no_tests/Source_Code/Communications/twtxt,True
Communications/zulip-term,36,32,<package_root>/data/processed/DevEval90_20260928/projects/Communications/zulip-term/filtered.jsonl,<external_root>/testRepoSummaryOut/DevEval/Communications/zulip-term/filtered.jsonl,9f70161b4b40dd3877db1cafc27770d9cddab10f931c59ed30e6fb69540ad21c,<benchmark_root>/DevEval_no_tests/Source_Code/Communications/zulip-term,True
Database/alembic,51,50,<package_root>/data/processed/DevEval90_20260928/projects/Database/alembic/filtered.jsonl,<external_root>/testRepoSummaryOut/DevEval/Database/alembic/filtered.jsonl,fa11149c691ebdd30651c1c5a1d54c201d470bd77d1468de30de88430fda1f71,<benchmark_root>/DevEval_no_tests/Source_Code/Database/alembic,True
Database/asyncpg,1,1,<package_root>/data/processed/DevEval90_20260928/projects/Database/asyncpg/filtered.jsonl,<external_root>/testRepoSummaryOut/DevEval/Database/asyncpg/filtered.jsonl,aae29d1f19c25a6b1fe72fab36ac9db88dab66b63c01dc5bab425cc6ccbc5faa,<benchmark_root>/DevEval_no_tests/Source_Code/Database/asyncpg,True
Database/awesome-autodl,2,2,<package_root>/data/processed/DevEval90_20260928/projects/Database/awesome-autodl/filtered.jsonl,<external_root>/testRepoSummaryOut/DevEval/Database/awesome-autodl/filtered.jsonl,38e46daa4e432cebebb666333ea93788c09f9f7bfbc588d66873ca177a9b95c1,<benchmark_root>/DevEval_no_tests/Source_Code/Database/awesome-autodl,True
Database/bplustree,19,14,<package_root>/data/processed/DevEval90_20260928/projects/Database/bplustree/filtered.jsonl,<external_root>/testRepoSummaryOut/DevEval/Database/bplustree/filtered.jsonl,d09b60b115387f0703ce331e708e24ada21d25ab40dede23e8e03da7a0b2fea6,<benchmark_root>/DevEval_no_tests/Source_Code/Database/bplustree,True
Database/csvs-to-sqlite,2,1,<package_root>/data/processed/DevEval90_20260928/projects/Database/csvs-to-sqlite/filtered.jsonl,<external_root>/testRepoSummaryOut/DevEval/Database/csvs-to-sqlite/filtered.jsonl,825392c5d2f9977218991894b39fa55b9f2688fdd8ea860c5f900d1c7fb1a258,<benchmark_root>/DevEval_no_tests/Source_Code/Database/csvs-to-sqlite,True
Database/datasette,42,31,<package_root>/data/processed/DevEval90_20260928/projects/Database/datasette/filtered.jsonl,<external_root>/testRepoSummaryOut/DevEval/Database/datasette/filtered.jsonl,8d3518ab6f572c7c32f1be6a6738fa129b7aa29afb83f40205280e30b67ef1b9,<benchmark_root>/DevEval_no_tests/Source_Code/Database/datasette,True
Database/happybase,3,1,<package_root>/data/processed/DevEval90_20260928/projects/Database/happybase/filtered.jsonl,<external_root>/testRepoSummaryOut/DevEval/Database/happybase/filtered.jsonl,59e2b9c5cc30a0862ef80eb1738833125c7571581b043869e9478012251a42cd,<benchmark_root>/DevEval_no_tests/Source_Code/Database/happybase,True
Database/litecli,5,4,<package_root>/data/processed/DevEval90_20260928/projects/Database/litecli/filtered.jsonl,<external_root>/testRepoSummaryOut/DevEval/Database/litecli/filtered.jsonl,0aeb4560df4b121fcdf524dca9ff5087dec2e2f516f26ebd22c7947853e58997,<benchmark_root>/DevEval_no_tests/Source_Code/Database/litecli,True
Database/mongoengine,1,1,<package_root>/data/processed/DevEval90_20260928/projects/Database/mongoengine/filtered.jsonl,<external_root>/testRepoSummaryOut/DevEval/Database/mongoengine/filtered.jsonl,babd0ccf28e2a6ba4477b316023428c9cf9530b5e3f2ce5477bbf6739350e8d1,<benchmark_root>/DevEval_no_tests/Source_Code/Database/mongoengine,True
Database/mssql-cli,20,16,<package_root>/data/processed/DevEval90_20260928/projects/Database/mssql-cli/filtered.jsonl,<external_root>/testRepoSummaryOut/DevEval/Database/mssql-cli/filtered.jsonl,81fa8008e6f215d870466fe275b1ab5a75e62a3dfc7c0aba097c4412de219f63,<benchmark_root>/DevEval_no_tests/Source_Code/Database/mssql-cli,True
Database/sqlite-utils,7,2,<package_root>/data/processed/DevEval90_20260928/projects/Database/sqlite-utils/filtered.jsonl,<external_root>/testRepoSummaryOut/DevEval/Database/sqlite-utils/filtered.jsonl,1fa981d4a1118de179e828d699fed326e91620dac1f744e5c0afd83edbe29f52,<benchmark_root>/DevEval_no_tests/Source_Code/Database/sqlite-utils,True
Internet/Authlib,11,7,<package_root>/data/processed/DevEval90_20260928/projects/Internet/Authlib/filtered.jsonl,<external_root>/testRepoSummaryOut/DevEval/Internet/Authlib/filtered.jsonl,8fcbe2d49423e3a4dd283a1c8b31fba5a671ba846de84bbda675e20ba524232e,<benchmark_root>/DevEval_no_tests/Source_Code/Internet/Authlib,True
Internet/Jinja2,17,13,<package_root>/data/processed/DevEval90_20260928/projects/Internet/Jinja2/filtered.jsonl,<external_root>/testRepoSummaryOut/DevEval/Internet/Jinja2/filtered.jsonl,61c640f3a0aacf39e57921a5116851a18f92bda5e88aa326a8dbb304835e8fcc,<benchmark_root>/DevEval_no_tests/Source_Code/Internet/Jinja2,True
Internet/boto,121,117,<package_root>/data/processed/DevEval90_20260928/projects/Internet/boto/filtered.jsonl,<external_root>/testRepoSummaryOut/DevEval/Internet/boto/filtered.jsonl,9e1e2d36d71996428a3e3fc44d606b3b874f44ce56ffceaefd3a2a5b69d5c3e1,<benchmark_root>/DevEval_no_tests/Source_Code/Internet/boto,True
Internet/databases,1,1,<package_root>/data/processed/DevEval90_20260928/projects/Internet/databases/filtered.jsonl,<external_root>/testRepoSummaryOut/DevEval/Internet/databases/filtered.jsonl,f0a0002ada16ee1c044fe0e1470edabce11452aa2db584cb07d73001a21256e8,<benchmark_root>/DevEval_no_tests/Source_Code/Internet/databases,True
Internet/djangorestframework,27,24,<package_root>/data/processed/DevEval90_20260928/projects/Internet/djangorestframework/filtered.jsonl,<external_root>/testRepoSummaryOut/DevEval/Internet/djangorestframework/filtered.jsonl,5b9ef61a36e13df8e83ffc807636d0239c00651184f2eb6f11c3f75e8963b1bf,<benchmark_root>/DevEval_no_tests/Source_Code/Internet/djangorestframework,True
Internet/falcon,49,40,<package_root>/data/processed/DevEval90_20260928/projects/Internet/falcon/filtered.jsonl,<external_root>/testRepoSummaryOut/DevEval/Internet/falcon/filtered.jsonl,a9e51c85c263e0697e8338f7af4a746a485cb9d0411ca0997d3a082edf22ad18,<benchmark_root>/DevEval_no_tests/Source_Code/Internet/falcon,True
Internet/google-api-python-client,10,9,<package_root>/data/processed/DevEval90_20260928/projects/Internet/google-api-python-client/filtered.jsonl,<external_root>/testRepoSummaryOut/DevEval/Internet/google-api-python-client/filtered.jsonl,1fdff2a95483db9c14a5ce775922d52c7235f1377bb0a9b6cf9813d8fd7ad96d,<benchmark_root>/DevEval_no_tests/Source_Code/Internet/google-api-python-client,True
Internet/python-twitter,3,3,<package_root>/data/processed/DevEval90_20260928/projects/Internet/python-twitter/filtered.jsonl,<external_root>/testRepoSummaryOut/DevEval/Internet/python-twitter/filtered.jsonl,8c42d294ba9df5b6f655375ed1bd465f197807dd0a2d2bd06dff8d3a0e6e4575,<benchmark_root>/DevEval_no_tests/Source_Code/Internet/python-twitter,True
Internet/sumy,30,24,<package_root>/data/processed/DevEval90_20260928/projects/Internet/sumy/filtered.jsonl,<external_root>/testRepoSummaryOut/DevEval/Internet/sumy/filtered.jsonl,a8e880a89915adac03b2aa9982d42135f65ec86181ea641e46aea942d2dbed31,<benchmark_root>/DevEval_no_tests/Source_Code/Internet/sumy,True
Multimedia/Mopidy,47,37,<package_root>/data/processed/DevEval90_20260928/projects/Multimedia/Mopidy/filtered.jsonl,<external_root>/testRepoSummaryOut/DevEval/Multimedia/Mopidy/filtered.jsonl,3a12f56ccb018265d6889b3b74ad41480c53be35fc78a2fdf6afed5aa16a1d7a,<benchmark_root>/DevEval_no_tests/Source_Code/Multimedia/Mopidy,True
Multimedia/gif-for-cli,5,1,<package_root>/data/processed/DevEval90_20260928/projects/Multimedia/gif-for-cli/filtered.jsonl,<external_root>/testRepoSummaryOut/DevEval/Multimedia/gif-for-cli/filtered.jsonl,4e5887bbd42036f121a1412bb2dc98a4abe8b3a6af2973ccfcbc2cc39fa30101,<benchmark_root>/DevEval_no_tests/Source_Code/Multimedia/gif-for-cli,True
Multimedia/hypertools,11,2,<package_root>/data/processed/DevEval90_20260928/projects/Multimedia/hypertools/filtered.jsonl,<external_root>/testRepoSummaryOut/DevEval/Multimedia/hypertools/filtered.jsonl,eaca40060c35b1f6ea131cf52c289da233a26f7299ea6133be79330f82247303,<benchmark_root>/DevEval_no_tests/Source_Code/Multimedia/hypertools,True
Multimedia/mingus,52,45,<package_root>/data/processed/DevEval90_20260928/projects/Multimedia/mingus/filtered.jsonl,<external_root>/testRepoSummaryOut/DevEval/Multimedia/mingus/filtered.jsonl,26fcaf750cdf90248c1f9fd8d14a3658162521bbd3a46bb71ac342b360ffd178,<benchmark_root>/DevEval_no_tests/Source_Code/Multimedia/mingus,True
Scientific-Engineering/bentoml,39,30,<package_root>/data/processed/DevEval90_20260928/projects/Scientific-Engineering/bentoml/filtered.jsonl,<external_root>/testRepoSummaryOut/DevEval/Scientific-Engineering/bentoml/filtered.jsonl,7a5c5aefb364cd0ab89591af367ed0a49bfaa8043ae815881036226adb17f299,<benchmark_root>/DevEval_no_tests/Source_Code/Scientific-Engineering/bentoml,True
Scientific-Engineering/csvkit,4,2,<package_root>/data/processed/DevEval90_20260928/projects/Scientific-Engineering/csvkit/filtered.jsonl,<external_root>/testRepoSummaryOut/DevEval/Scientific-Engineering/csvkit/filtered.jsonl,0ba36884de1108d965a0e10c73029c16bb2926a2c07f8c641a9f5ec5314628a8,<benchmark_root>/DevEval_no_tests/Source_Code/Scientific-Engineering/csvkit,True
Scientific-Engineering/diffusers,2,2,<package_root>/data/processed/DevEval90_20260928/projects/Scientific-Engineering/diffusers/filtered.jsonl,<external_root>/testRepoSummaryOut/DevEval/Scientific-Engineering/diffusers/filtered.jsonl,7dbe61b090b1e86629647fd7721351900ed680927e357e68a2a7a01158e6101d,<benchmark_root>/DevEval_no_tests/Source_Code/Scientific-Engineering/diffusers,True
Scientific-Engineering/folium,3,2,<package_root>/data/processed/DevEval90_20260928/projects/Scientific-Engineering/folium/filtered.jsonl,<external_root>/testRepoSummaryOut/DevEval/Scientific-Engineering/folium/filtered.jsonl,c32c4349233dadce9202d9a70f0dbce283f447f3e7599d14ef322ecf414d2e3a,<benchmark_root>/DevEval_no_tests/Source_Code/Scientific-Engineering/folium,True
Scientific-Engineering/lux,2,2,<package_root>/data/processed/DevEval90_20260928/projects/Scientific-Engineering/lux/filtered.jsonl,<external_root>/testRepoSummaryOut/DevEval/Scientific-Engineering/lux/filtered.jsonl,f7fa3f49d7530c0a2479d8fe9f9db759eb537b0f0754f65ec6933b9c803c869c,<benchmark_root>/DevEval_no_tests/Source_Code/Scientific-Engineering/lux,True
Scientific-Engineering/rq,1,1,<package_root>/data/processed/DevEval90_20260928/projects/Scientific-Engineering/rq/filtered.jsonl,<external_root>/testRepoSummaryOut/DevEval/Scientific-Engineering/rq/filtered.jsonl,a095d83d3c0a8a99bb4f3b42076f12378b9bc044bf4532d7cb21d4e0d83350c7,<benchmark_root>/DevEval_no_tests/Source_Code/Scientific-Engineering/rq,True
Security/asyncssh,12,11,<package_root>/data/processed/DevEval90_20260928/projects/Security/asyncssh/filtered.jsonl,<external_root>/testRepoSummaryOut/DevEval/Security/asyncssh/filtered.jsonl,cb112191556553d26a019c2462a64e638dc080f142d4c2f679b84bdde4e38717,<benchmark_root>/DevEval_no_tests/Source_Code/Security/asyncssh,True
Security/barf,12,12,<package_root>/data/processed/DevEval90_20260928/projects/Security/barf/filtered.jsonl,<external_root>/testRepoSummaryOut/DevEval/Security/barf/filtered.jsonl,93411b259640906a482a412209d360de0f6fbb38d471e58a21338dd7ffa616dd,<benchmark_root>/DevEval_no_tests/Source_Code/Security/barf,True
Security/diffprivlib,30,26,<package_root>/data/processed/DevEval90_20260928/projects/Security/diffprivlib/filtered.jsonl,<external_root>/testRepoSummaryOut/DevEval/Security/diffprivlib/filtered.jsonl,c4719f6035caf0cf8716de7b39da89b8549719b83a0cb2f26324c173bb6b24fc,<benchmark_root>/DevEval_no_tests/Source_Code/Security/diffprivlib,True
Security/msticpy,22,19,<package_root>/data/processed/DevEval90_20260928/projects/Security/msticpy/filtered.jsonl,<external_root>/testRepoSummaryOut/DevEval/Security/msticpy/filtered.jsonl,e29ed90058c32063c0203260a938457c4d683a8f21f1e0081bfd0089d702b508,<benchmark_root>/DevEval_no_tests/Source_Code/Security/msticpy,True
Security/oletools,8,8,<package_root>/data/processed/DevEval90_20260928/projects/Security/oletools/filtered.jsonl,<external_root>/testRepoSummaryOut/DevEval/Security/oletools/filtered.jsonl,82e6787ff60b8d6070fdc6a3aa5864b5a83c0e18f81abe5859009765193d02fd,<benchmark_root>/DevEval_no_tests/Source_Code/Security/oletools,True
Security/passpie,2,2,<package_root>/data/processed/DevEval90_20260928/projects/Security/passpie/filtered.jsonl,<external_root>/testRepoSummaryOut/DevEval/Security/passpie/filtered.jsonl,c2e3e4bd1c605597ae4098ba0066d48d952baeac5ab31de31b12b1a4a42131fe,<benchmark_root>/DevEval_no_tests/Source_Code/Security/passpie,True
Security/principalmapper,2,2,<package_root>/data/processed/DevEval90_20260928/projects/Security/principalmapper/filtered.jsonl,<external_root>/testRepoSummaryOut/DevEval/Security/principalmapper/filtered.jsonl,8a7bffd3415983084ea10b683a3126a64c62f23d4c82964e53c71b4cdcd8563a,<benchmark_root>/DevEval_no_tests/Source_Code/Security/principalmapper,True
Security/pyOpenSSL,1,1,<package_root>/data/processed/DevEval90_20260928/projects/Security/pyOpenSSL/filtered.jsonl,<external_root>/testRepoSummaryOut/DevEval/Security/pyOpenSSL/filtered.jsonl,fa0f1bd0cac3f9ce60f30b5ab0f4022924ed477d0ac4cf564a59bbfbfa0426b5,<benchmark_root>/DevEval_no_tests/Source_Code/Security/pyOpenSSL,True
Security/pycoin,33,18,<package_root>/data/processed/DevEval90_20260928/projects/Security/pycoin/filtered.jsonl,<external_root>/testRepoSummaryOut/DevEval/Security/pycoin/filtered.jsonl,93ee96dae541493d21b82e7628635c0be6e3e6b2a346f751696ba340464dbd66,<benchmark_root>/DevEval_no_tests/Source_Code/Security/pycoin,True
Security/python-taint,7,6,<package_root>/data/processed/DevEval90_20260928/projects/Security/python-taint/filtered.jsonl,<external_root>/testRepoSummaryOut/DevEval/Security/python-taint/filtered.jsonl,2b2dc5133bf13af5e50829f80eec83fd3a1c0f7cd57a063dbd61bb583aa5437b,<benchmark_root>/DevEval_no_tests/Source_Code/Security/python-taint,True
Security/threatingestor,3,3,<package_root>/data/processed/DevEval90_20260928/projects/Security/threatingestor/filtered.jsonl,<external_root>/testRepoSummaryOut/DevEval/Security/threatingestor/filtered.jsonl,749cede7f8a4c7903e7891c44a343cb867d468b58ce5dd8c16b77cc15eb11631,<benchmark_root>/DevEval_no_tests/Source_Code/Security/threatingestor,True
Security/trailscraper,11,8,<package_root>/data/processed/DevEval90_20260928/projects/Security/trailscraper/filtered.jsonl,<external_root>/testRepoSummaryOut/DevEval/Security/trailscraper/filtered.jsonl,3761e472eba8352faf8e88f981eec1e401c5133e89d150b071fddeeb57aab51c,<benchmark_root>/DevEval_no_tests/Source_Code/Security/trailscraper,True
Security/zxcvbn-python,18,14,<package_root>/data/processed/DevEval90_20260928/projects/Security/zxcvbn-python/filtered.jsonl,<external_root>/testRepoSummaryOut/DevEval/Security/zxcvbn-python/filtered.jsonl,c25643eee7b5da6b06dcb3658f9952dbc1ac5031b0b538e8f8c344887517c259,<benchmark_root>/DevEval_no_tests/Source_Code/Security/zxcvbn-python,True
Software-Development/Faker,21,7,<package_root>/data/processed/DevEval90_20260928/projects/Software-Development/Faker/filtered.jsonl,<external_root>/testRepoSummaryOut/DevEval/Software-Development/Faker/filtered.jsonl,f0e50d4059230231ddeac9d201e0e6876a30ea9f3b53531ea40f713cad603346,<benchmark_root>/DevEval_no_tests/Source_Code/Software-Development/Faker,True
Software-Development/PySnooper,3,1,<package_root>/data/processed/DevEval90_20260928/projects/Software-Development/PySnooper/filtered.jsonl,<external_root>/testRepoSummaryOut/DevEval/Software-Development/PySnooper/filtered.jsonl,5b06a3f6f9ec2abbad59e8491a036ab768946103896d3cb767b750ba5f203128,<benchmark_root>/DevEval_no_tests/Source_Code/Software-Development/PySnooper,True
Software-Development/backtrader,1,1,<package_root>/data/processed/DevEval90_20260928/projects/Software-Development/backtrader/filtered.jsonl,<external_root>/testRepoSummaryOut/DevEval/Software-Development/backtrader/filtered.jsonl,6554bacd62de3de917db27a110a261d4b638b5760db1e7a29d4610999f722f35,<benchmark_root>/DevEval_no_tests/Source_Code/Software-Development/backtrader,True
Software-Development/dash,18,14,<package_root>/data/processed/DevEval90_20260928/projects/Software-Development/dash/filtered.jsonl,<external_root>/testRepoSummaryOut/DevEval/Software-Development/dash/filtered.jsonl,c2c34331bc138d0152e10ba90eba43958b752115321f84fe70aee22d7f6cd9aa,<benchmark_root>/DevEval_no_tests/Source_Code/Software-Development/dash,True
Software-Development/discord-py,7,5,<package_root>/data/processed/DevEval90_20260928/projects/Software-Development/discord-py/filtered.jsonl,<external_root>/testRepoSummaryOut/DevEval/Software-Development/discord-py/filtered.jsonl,ee0b1f1182e5eef4e80d7b96e5e488ef6d1f6739fbf42fe613838f4f00f9ff32,<benchmark_root>/DevEval_no_tests/Source_Code/Software-Development/discord-py,True
Software-Development/pandas-profiling,11,11,<package_root>/data/processed/DevEval90_20260928/projects/Software-Development/pandas-profiling/filtered.jsonl,<external_root>/testRepoSummaryOut/DevEval/Software-Development/pandas-profiling/filtered.jsonl,f87a734e632a5f3fcf26ba68d983bbb9e6c85091c0a498969d446bdb660a1f26,<benchmark_root>/DevEval_no_tests/Source_Code/Software-Development/pandas-profiling,True
Software-Development/peewee,13,10,<package_root>/data/processed/DevEval90_20260928/projects/Software-Development/peewee/filtered.jsonl,<external_root>/testRepoSummaryOut/DevEval/Software-Development/peewee/filtered.jsonl,b30e7e154d9905708af56ad5d454a7ec2d9c35eea16e0ee854446e9c6dc86547,<benchmark_root>/DevEval_no_tests/Source_Code/Software-Development/peewee,True
System/exodus-bundler,16,13,<package_root>/data/processed/DevEval90_20260928/projects/System/exodus-bundler/filtered.jsonl,<external_root>/testRepoSummaryOut/DevEval/System/exodus-bundler/filtered.jsonl,16fa520252ffb003798d6bb9de600958aebe34f85d2a7c00b10d1c2961db4b11,<benchmark_root>/DevEval_no_tests/Source_Code/System/exodus-bundler,True
System/flower,4,1,<package_root>/data/processed/DevEval90_20260928/projects/System/flower/filtered.jsonl,<external_root>/testRepoSummaryOut/DevEval/System/flower/filtered.jsonl,f55cde625b0b357b7e5b83eda1a81570c4bdd195047bff9e20e869e1266e42b2,<benchmark_root>/DevEval_no_tests/Source_Code/System/flower,True
System/fs,31,24,<package_root>/data/processed/DevEval90_20260928/projects/System/fs/filtered.jsonl,<external_root>/testRepoSummaryOut/DevEval/System/fs/filtered.jsonl,c97e05693c1b766a5279fc7594d89a46e332b4d944b8a2f1f2c860bd21756a8d,<benchmark_root>/DevEval_no_tests/Source_Code/System/fs,True
System/mrjob,105,90,<package_root>/data/processed/DevEval90_20260928/projects/System/mrjob/filtered.jsonl,<external_root>/testRepoSummaryOut/DevEval/System/mrjob/filtered.jsonl,a681f76cad60ca0b499ebc0e24e295fd165a9d952e0f7ba6124861280fb3f427,<benchmark_root>/DevEval_no_tests/Source_Code/System/mrjob,True
System/prometheus-client,5,5,<package_root>/data/processed/DevEval90_20260928/projects/System/prometheus-client/filtered.jsonl,<external_root>/testRepoSummaryOut/DevEval/System/prometheus-client/filtered.jsonl,4c0b4cdbac1fd8295691526c6e541fff1fda565e49f25a0a2e1924a24554fb82,<benchmark_root>/DevEval_no_tests/Source_Code/System/prometheus-client,True
System/sslyze,10,9,<package_root>/data/processed/DevEval90_20260928/projects/System/sslyze/filtered.jsonl,<external_root>/testRepoSummaryOut/DevEval/System/sslyze/filtered.jsonl,9d6a1e81a5f75e9f02e3cdb3cc3ecdde76f0763d3e2cd92d7df8815aeca161ed,<benchmark_root>/DevEval_no_tests/Source_Code/System/sslyze,True
System/trackerjacker,1,1,<package_root>/data/processed/DevEval90_20260928/projects/System/trackerjacker/filtered.jsonl,<external_root>/testRepoSummaryOut/DevEval/System/trackerjacker/filtered.jsonl,857e4302e6c5ad7fb26098daf40cdba717fd998f5ec33a60f32436c139fcd289,<benchmark_root>/DevEval_no_tests/Source_Code/System/trackerjacker,True
System/viztracer,5,5,<package_root>/data/processed/DevEval90_20260928/projects/System/viztracer/filtered.jsonl,<external_root>/testRepoSummaryOut/DevEval/System/viztracer/filtered.jsonl,3d6c5af154f27c4c3697a6912995ce95d6df54e459e8d2e7e907d25893b7e630,<benchmark_root>/DevEval_no_tests/Source_Code/System/viztracer,True
System/wal-e,11,6,<package_root>/data/processed/DevEval90_20260928/projects/System/wal-e/filtered.jsonl,<external_root>/testRepoSummaryOut/DevEval/System/wal-e/filtered.jsonl,2eb14a1fca0eba37e08785e361e3841e263a43bc57962bd24192b9ff507b36f7,<benchmark_root>/DevEval_no_tests/Source_Code/System/wal-e,True
Text-Processing/PyLaTeX,2,2,<package_root>/data/processed/DevEval90_20260928/projects/Text-Processing/PyLaTeX/filtered.jsonl,<external_root>/testRepoSummaryOut/DevEval/Text-Processing/PyLaTeX/filtered.jsonl,610865b77b7b5708b18fbd32c95e85447f2a7f777c9ece6f6502651ff1ff8bdf,<benchmark_root>/DevEval_no_tests/Source_Code/Text-Processing/PyLaTeX,True
Text-Processing/dominate,6,3,<package_root>/data/processed/DevEval90_20260928/projects/Text-Processing/dominate/filtered.jsonl,<external_root>/testRepoSummaryOut/DevEval/Text-Processing/dominate/filtered.jsonl,214efee9ac0bdd2ae5335dd657865853f10f766190af848815b004089fecfba5,<benchmark_root>/DevEval_no_tests/Source_Code/Text-Processing/dominate,True
Text-Processing/feedparser,4,3,<package_root>/data/processed/DevEval90_20260928/projects/Text-Processing/feedparser/filtered.jsonl,<external_root>/testRepoSummaryOut/DevEval/Text-Processing/feedparser/filtered.jsonl,514af2d8a7b5a848aa5807569cb58482b5ee2d282d278fa1c1ce21efcd2b3189,<benchmark_root>/DevEval_no_tests/Source_Code/Text-Processing/feedparser,True
Text-Processing/mistune,5,2,<package_root>/data/processed/DevEval90_20260928/projects/Text-Processing/mistune/filtered.jsonl,<external_root>/testRepoSummaryOut/DevEval/Text-Processing/mistune/filtered.jsonl,094880a1ad817208e0326b6ba481ed1c875dd784a39a29fce9eaee4a12a9d3a2,<benchmark_root>/DevEval_no_tests/Source_Code/Text-Processing/mistune,True
Text-Processing/online-judge-tools,3,3,<package_root>/data/processed/DevEval90_20260928/projects/Text-Processing/online-judge-tools/filtered.jsonl,<external_root>/testRepoSummaryOut/DevEval/Text-Processing/online-judge-tools/filtered.jsonl,2e6c6283b9074b6a265edc24c08001b3f1e9bd46b937d7dc9b73b4c22d126582,<benchmark_root>/DevEval_no_tests/Source_Code/Text-Processing/online-judge-tools,True
Text-Processing/parsel,3,1,<package_root>/data/processed/DevEval90_20260928/projects/Text-Processing/parsel/filtered.jsonl,<external_root>/testRepoSummaryOut/DevEval/Text-Processing/parsel/filtered.jsonl,8a1bfdbf7f201d7b12c4b3f5e144b322389918864129db9aa04fdf2007309f0e,<benchmark_root>/DevEval_no_tests/Source_Code/Text-Processing/parsel,True
Text-Processing/pycorrector,6,4,<package_root>/data/processed/DevEval90_20260928/projects/Text-Processing/pycorrector/filtered.jsonl,<external_root>/testRepoSummaryOut/DevEval/Text-Processing/pycorrector/filtered.jsonl,46c6efb118829c7cd25f08e766b1d26dadac04441830f00f7e67402d5f8e799d,<benchmark_root>/DevEval_no_tests/Source_Code/Text-Processing/pycorrector,True
Text-Processing/pymorphy2,2,2,<package_root>/data/processed/DevEval90_20260928/projects/Text-Processing/pymorphy2/filtered.jsonl,<external_root>/testRepoSummaryOut/DevEval/Text-Processing/pymorphy2/filtered.jsonl,989d61fe5236d19d822933d8150b157e399e2f7ea5a377d3c505eca1ef572ec8,<benchmark_root>/DevEval_no_tests/Source_Code/Text-Processing/pymorphy2,True
Text-Processing/python-benedict,4,3,<package_root>/data/processed/DevEval90_20260928/projects/Text-Processing/python-benedict/filtered.jsonl,<external_root>/testRepoSummaryOut/DevEval/Text-Processing/python-benedict/filtered.jsonl,aa55e3cd211166c15c22157737af2fa1ff78872140905dba795b5be1b2932306,<benchmark_root>/DevEval_no_tests/Source_Code/Text-Processing/python-benedict,True
Text-Processing/rows,12,7,<package_root>/data/processed/DevEval90_20260928/projects/Text-Processing/rows/filtered.jsonl,<external_root>/testRepoSummaryOut/DevEval/Text-Processing/rows/filtered.jsonl,8f9211ba55b0c8040294aea5d2cf93473e4de645655a98267a5746abee6f9a32,<benchmark_root>/DevEval_no_tests/Source_Code/Text-Processing/rows,True
Utilities/PyJWT,6,5,<package_root>/data/processed/DevEval90_20260928/projects/Utilities/PyJWT/filtered.jsonl,<external_root>/testRepoSummaryOut/DevEval/Utilities/PyJWT/filtered.jsonl,240f16d6a0d572674ddbd52ee3dcb17a94343b37e25d862a9917cf03b9bd5605,<benchmark_root>/DevEval_no_tests/Source_Code/Utilities/PyJWT,True
Utilities/boltons,103,81,<package_root>/data/processed/DevEval90_20260928/projects/Utilities/boltons/filtered.jsonl,<external_root>/testRepoSummaryOut/DevEval/Utilities/boltons/filtered.jsonl,c9ee62b10d1a24feb096d2ee13ca9176090b3851f73b774ef224b610d1782a8d,<benchmark_root>/DevEval_no_tests/Source_Code/Utilities/boltons,True
Utilities/gunicorn,23,14,<package_root>/data/processed/DevEval90_20260928/projects/Utilities/gunicorn/filtered.jsonl,<external_root>/testRepoSummaryOut/DevEval/Utilities/gunicorn/filtered.jsonl,dc53228c829427d47512b596a1c8fa50d529b129d4f67e7f1aaf9236ad246294,<benchmark_root>/DevEval_no_tests/Source_Code/Utilities/gunicorn,True
Utilities/jc,7,6,<package_root>/data/processed/DevEval90_20260928/projects/Utilities/jc/filtered.jsonl,<external_root>/testRepoSummaryOut/DevEval/Utilities/jc/filtered.jsonl,a36c5b0b6462ff6a0a321ac611ebd5771a7c3fde14cbb2902e7717e89f36c4de,<benchmark_root>/DevEval_no_tests/Source_Code/Utilities/jc,True
Utilities/mackup,7,5,<package_root>/data/processed/DevEval90_20260928/projects/Utilities/mackup/filtered.jsonl,<external_root>/testRepoSummaryOut/DevEval/Utilities/mackup/filtered.jsonl,44331fd37e05f6bf795335c85d2657852a5ec842c9649364177e791233dc723d,<benchmark_root>/DevEval_no_tests/Source_Code/Utilities/mackup,True
Utilities/mmcv,4,2,<package_root>/data/processed/DevEval90_20260928/projects/Utilities/mmcv/filtered.jsonl,<external_root>/testRepoSummaryOut/DevEval/Utilities/mmcv/filtered.jsonl,c29a853abb0ea931d170d41ad755697f6acbacf7afd1022a1de814f8b35179e7,<benchmark_root>/DevEval_no_tests/Source_Code/Utilities/mmcv,True
Utilities/praw,14,12,<package_root>/data/processed/DevEval90_20260928/projects/Utilities/praw/filtered.jsonl,<external_root>/testRepoSummaryOut/DevEval/Utilities/praw/filtered.jsonl,1469a5616b0a40c30b0c7e4aef2855146c84fb17fe486cc68d33df42774625eb,<benchmark_root>/DevEval_no_tests/Source_Code/Utilities/praw,True
Utilities/pymusic-dl,2,2,<package_root>/data/processed/DevEval90_20260928/projects/Utilities/pymusic-dl/filtered.jsonl,<external_root>/testRepoSummaryOut/DevEval/Utilities/pymusic-dl/filtered.jsonl,21fca7451f9e63b88d17ec125aee8589946b0373357665bcc877f71f7d2cb25c,<benchmark_root>/DevEval_no_tests/Source_Code/Utilities/pymusic-dl,True
Utilities/sacred,44,30,<package_root>/data/processed/DevEval90_20260928/projects/Utilities/sacred/filtered.jsonl,<external_root>/testRepoSummaryOut/DevEval/Utilities/sacred/filtered.jsonl,220f24117f569654f37e26dd365c63180ac36ab8e15c2c96ee57b9a095713da4,<benchmark_root>/DevEval_no_tests/Source_Code/Utilities/sacred,True
Utilities/stellar,2,1,<package_root>/data/processed/DevEval90_20260928/projects/Utilities/stellar/filtered.jsonl,<external_root>/testRepoSummaryOut/DevEval/Utilities/stellar/filtered.jsonl,64f27962a3be28a994bcd195d8b8c1bbaaeb15137a93589f6f5db49cf71f09c4,<benchmark_root>/DevEval_no_tests/Source_Code/Utilities/stellar,True
Utilities/whereami,1,1,<package_root>/data/processed/DevEval90_20260928/projects/Utilities/whereami/filtered.jsonl,<external_root>/testRepoSummaryOut/DevEval/Utilities/whereami/filtered.jsonl,53c60aa30accf784fd21775c5beeab032a00ad7cba66df98347006829a9fc697,<benchmark_root>/DevEval_no_tests/Source_Code/Utilities/whereami,True
