method,tasks,projects,direct15_dr,seed_dr,final15_dr,final_exact_dr,mean_final_nodes
FeatLens：位置提升✓，same-feature✓,1146,90,,0.4910049733392459,0.5272652116906857,0.35504132716298603,14.769633507853403
Feature：位置提升✗，same-feature✓,1146,90,,0.3901148198295691,0.4251264295987485,,14.728621291448517
Feature：位置提升✗，same-feature✗,1146,90,,0.3901148198295691,0.4260502779047958,,14.728621291448517
摘要dense：same-feature✓,1146,90,0.32968492463222904,0.34922395048497773,0.42303360413543584,,14.960732984293193
摘要dense：same-feature✗,1146,90,0.32968492463222904,0.34922395048497773,0.4229436368988717,,14.960732984293193
代码UniXcoder：same-feature✓,1146,90,0.42523351180362234,0.4381803723841285,0.48048438277778494,,14.93019197207679
代码UniXcoder：same-feature✗,1146,90,0.42523351180362234,0.4381803723841285,0.47836927130403467,,14.93019197207679
BM25摘要：same-feature✓,1146,90,0.312843658709576,0.32447590954005434,0.40227700645201064,,14.950261780104713
BM25代码：same-feature✓,1146,90,0.3093631805655874,0.32378295580772515,0.3983199395074422,,14.954624781849914
BM25签名：same-feature✓,1146,90,0.34297172187955216,0.3578322982412308,0.42529888392969384,,14.958987783595113
LocAgent（DeepSeek-V3.2，5轮／32K）,1146,90,,,0.4911886450785613,,4.744328097731239
BM25代码：same-feature✗,1146,90,0.3093631805655874,0.32378295580772515,0.3962842741349962,0.23183320085320788,14.954624781849914
BM25摘要：same-feature✗,1146,90,0.312843658709576,0.32447590954005434,0.399214549189016,0.24230561924328672,14.950261780104713
BM25签名：same-feature✗,1146,90,0.34297172187955216,0.3578322982412308,0.4262794890333355,0.2728793297056188,14.958987783595113
Feature：位置提升✓，same-feature✗,1146,90,,0.4792119039579979,0.4916948309752927,0.3172422584204754,14.769633507853403
