project,pass_at_1
OpenSSL,0.00%
aiohappybase,100.00%
alembic,19.61%
asyncpg,100.00%
asyncssh,50.00%
authlib,63.64%
awesome_autodl,100.00%
backtrader,0.00%
barf,0.00%
benedict,50.00%
bentoml,36.84%
bentoml_cli,0.00%
boltons,62.14%
boto,49.59%
bplustree,47.37%
chatette,86.36%
check_dummies,0.00%
csvkit,75.00%
csvs_to_sqlite,100.00%
dash,44.44%
databases,0.00%
datasette,38.10%
diffprivlib,46.67%
discord,71.43%
dominate,83.33%
ehforwarderbot,0.00%
exodus_bundler,56.25%
faker,71.43%
falcon,40.82%
feedparser,50.00%
flower,75.00%
folium,66.67%
fs,67.74%
gif_for_cli,40.00%
googleapiclient,50.00%
gunicorn,0.00%
hbmqtt,100.00%
hl7,42.86%
hypertools,72.73%
imapclient,21.21%
jc,0.00%
jinja2,58.82%
jwt,66.67%
litecli,0.00%
lux,0.00%
mackup,100.00%
mingus,67.31%
mistune,80.00%
mmcv,75.00%
mongoengine,0.00%
mopidy,51.06%
mrjob,42.86%
mssqlcli,45.00%
msticpy,0.00%
music_dl,50.00%
oletools,37.50%
onlinejudge_command,33.33%
parsel,33.33%
passpie,0.00%
peewee,50.00%
playhouse,54.55%
praw,57.14%
principalmapper,50.00%
prometheus_client,0.00%
pycoin,63.64%
pycorrector,83.33%
pylatex,0.00%
pymorphy2,50.00%
pysimplesoap,50.00%
pysnooper,33.33%
pyt,42.86%
rest_framework,55.56%
rows,83.33%
rq,100.00%
sacred,50.00%
sqlite_utils,57.14%
sslyze,80.00%
stellar,0.00%
sumy,36.67%
threatingestor,100.00%
trackerjacker,0.00%
trailscraper,0.00%
twilio,86.67%
twitter,66.67%
twtxt,62.50%
viztracer,20.00%
wal_e,0.00%
whereami,0.00%
wikipediaapi,76.92%
ydata_profiling,27.27%
zulipterminal,30.56%
zxcvbn,66.67%
overall,48.18%
