project_name,project_dir,metric_type,k,P,R,F1,match,pred,gt,tasks
chatette,Communications/chatette,feature,1,0.17391304347826086,0.1951219512195122,0.18390804597701152,16,92,82,22
chatette,Communications/chatette,feature,3,0.08928571428571429,0.3048780487804878,0.13812154696132595,25,280,82,22
ehforwarderbot,Communications/ehforwarderbot,feature,1,0.43478260869565216,0.5,0.46511627906976744,10,23,20,5
ehforwarderbot,Communications/ehforwarderbot,feature,3,0.24528301886792453,0.65,0.35616438356164376,13,53,20,5
hbmqtt,Communications/hbmqtt,feature,1,0.08333333333333333,1.0,0.15384615384615385,2,24,2,3
hbmqtt,Communications/hbmqtt,feature,3,0.0425531914893617,1.0,0.08163265306122448,2,47,2,3
hl7,Communications/hl7,feature,1,0.39285714285714285,0.5,0.44,11,28,22,7
hl7,Communications/hl7,feature,3,0.11926605504587157,0.5909090909090909,0.1984732824427481,13,109,22,7
IMAPClient,Communications/IMAPClient,feature,1,0.19402985074626866,0.4262295081967213,0.26666666666666666,52,268,122,33
IMAPClient,Communications/IMAPClient,feature,3,0.08848314606741572,0.5163934426229508,0.1510791366906475,63,712,122,33
PySimpleSOAP,Communications/PySimpleSOAP,feature,1,0.0625,0.1111111111111111,0.08,1,16,9,2
PySimpleSOAP,Communications/PySimpleSOAP,feature,3,0.2692307692307692,0.7777777777777778,0.39999999999999997,7,26,9,2
twilio-fatisar,Communications/twilio-fatisar,feature,1,0.07926829268292683,0.18840579710144928,0.11158798283261802,13,164,69,30
twilio-fatisar,Communications/twilio-fatisar,feature,3,0.03333333333333333,0.21739130434782608,0.057803468208092484,15,450,69,30
twtxt,Communications/twtxt,feature,1,0.1875,0.5294117647058824,0.27692307692307694,9,48,17,8
twtxt,Communications/twtxt,feature,3,0.06918238993710692,0.6470588235294118,0.125,11,159,17,8
Wikipedia-API,Communications/Wikipedia-API,feature,1,0.055900621118012424,0.1836734693877551,0.08571428571428572,9,161,49,13
Wikipedia-API,Communications/Wikipedia-API,feature,3,0.024774774774774775,0.22448979591836735,0.04462474645030426,11,444,49,13
zulip-term,Communications/zulip-term,feature,1,0.2,0.37755102040816324,0.2614840989399293,37,185,98,36
zulip-term,Communications/zulip-term,feature,3,0.09236947791164658,0.46938775510204084,0.15436241610738255,46,498,98,36
alembic,Database/alembic,feature,1,0.2047244094488189,0.2047244094488189,0.2047244094488189,52,254,254,51
alembic,Database/alembic,feature,3,0.09646739130434782,0.2795275590551181,0.14343434343434341,71,736,254,51
asyncpg,Database/asyncpg,feature,1,0.0,0.0,0.0,0,2,1,1
asyncpg,Database/asyncpg,feature,3,0.0,0.0,0.0,0,6,1,1
awesome-autodl,Database/awesome-autodl,feature,1,0.14285714285714285,1.0,0.25,2,14,2,2
awesome-autodl,Database/awesome-autodl,feature,3,0.06060606060606061,1.0,0.1142857142857143,2,33,2,2
bplustree,Database/bplustree,feature,1,0.11333333333333333,0.20238095238095238,0.14529914529914528,17,150,84,19
bplustree,Database/bplustree,feature,3,0.1125,0.5357142857142857,0.1859504132231405,45,400,84,19
csvs-to-sqlite,Database/csvs-to-sqlite,feature,1,0.09090909090909091,0.6666666666666666,0.16,2,22,3,2
csvs-to-sqlite,Database/csvs-to-sqlite,feature,3,0.045454545454545456,0.6666666666666666,0.08510638297872342,2,44,3,2
datasette,Database/datasette,feature,1,0.23577235772357724,0.4,0.29667519181585683,58,246,145,42
datasette,Database/datasette,feature,3,0.0926517571884984,0.4,0.1504539559014267,58,626,145,42
happybase,Database/happybase,feature,1,0.0,0.0,0.0,0,21,1,3
happybase,Database/happybase,feature,3,0.0,0.0,0.0,0,52,1,3
litecli,Database/litecli,feature,1,0.2608695652173913,0.75,0.3870967741935483,6,23,8,5
litecli,Database/litecli,feature,3,0.11475409836065574,0.875,0.20289855072463767,7,61,8,5
mongoengine,Database/mongoengine,feature,1,1.0,1.0,1.0,1,1,1,1
mongoengine,Database/mongoengine,feature,3,0.2,1.0,0.33333333333333337,1,5,1,1
mssql-cli,Database/mssql-cli,feature,1,0.3434343434343434,0.4657534246575342,0.3953488372093023,34,99,73,20
mssql-cli,Database/mssql-cli,feature,3,0.1881918819188192,0.6986301369863014,0.29651162790697677,51,271,73,20
sqlite-utils,Database/sqlite-utils,feature,1,0.047619047619047616,0.5,0.08695652173913042,1,21,2,7
sqlite-utils,Database/sqlite-utils,feature,3,0.013888888888888888,0.5,0.02702702702702703,1,72,2,7
Authlib,Internet/Authlib,feature,1,0.05263157894736842,0.25,0.08695652173913043,4,76,16,11
Authlib,Internet/Authlib,feature,3,0.021621621621621623,0.25,0.03980099502487562,4,185,16,11
boto,Internet/boto,feature,1,0.09939959973315543,0.3860103626943005,0.15809018567639255,149,1499,386,121
boto,Internet/boto,feature,3,0.0653233669158271,0.5207253886010362,0.11608431995379728,201,3077,386,121
databases,Internet/databases,feature,1,0.0,0.0,0.0,0,1,2,1
databases,Internet/databases,feature,3,0.0,0.0,0.0,0,8,2,1
djangorestframework,Internet/djangorestframework,feature,1,0.051470588235294115,0.18666666666666668,0.08069164265129682,14,272,75,27
djangorestframework,Internet/djangorestframework,feature,3,0.04891304347826087,0.36,0.0861244019138756,27,552,75,27
falcon,Internet/falcon,feature,1,0.14006514657980457,0.31851851851851853,0.19457013574660634,43,307,135,49
falcon,Internet/falcon,feature,3,0.06557377049180328,0.4148148148148148,0.11324570273003035,56,854,135,49
google-api-python-client,Internet/google-api-python-client,feature,1,0.07352941176470588,0.15625,0.1,5,68,32,10
google-api-python-client,Internet/google-api-python-client,feature,3,0.03076923076923077,0.1875,0.05286343612334802,6,195,32,10
Jinja2,Internet/Jinja2,feature,1,0.2753623188405797,0.40425531914893614,0.32758620689655177,19,69,47,17
Jinja2,Internet/Jinja2,feature,3,0.11363636363636363,0.5319148936170213,0.18726591760299624,25,220,47,17
python-twitter,Internet/python-twitter,feature,1,0.16666666666666666,0.3333333333333333,0.2222222222222222,3,18,9,3
python-twitter,Internet/python-twitter,feature,3,0.06349206349206349,0.4444444444444444,0.1111111111111111,4,63,9,3
sumy,Internet/sumy,feature,1,0.22900763358778625,0.46153846153846156,0.30612244897959184,30,131,65,30
sumy,Internet/sumy,feature,3,0.08620689655172414,0.5384615384615384,0.148619957537155,35,406,65,30
gif-for-cli,Multimedia/gif-for-cli,feature,1,0.0,0.0,0.0,0,38,2,5
gif-for-cli,Multimedia/gif-for-cli,feature,3,0.0,0.0,0.0,0,122,2,5
hypertools,Multimedia/hypertools,feature,1,0.05263157894736842,0.19047619047619047,0.08247422680412371,4,76,21,11
hypertools,Multimedia/hypertools,feature,3,0.11904761904761904,0.9523809523809523,0.21164021164021163,20,168,21,11
mingus,Multimedia/mingus,feature,1,0.1409090909090909,0.45255474452554745,0.21490467937608318,62,440,137,52
mingus,Multimedia/mingus,feature,3,0.06525573192239859,0.5401459854014599,0.11644374508261211,74,1134,137,52
Mopidy,Multimedia/Mopidy,feature,1,0.07489878542510121,0.21142857142857144,0.11061285500747384,37,494,175,47
Mopidy,Multimedia/Mopidy,feature,3,0.05807002561912895,0.38857142857142857,0.10104011887072809,68,1171,175,47
bentoml,Scientific-Engineering/bentoml,feature,1,0.09191176470588236,0.23809523809523808,0.13262599469496023,25,272,105,39
bentoml,Scientific-Engineering/bentoml,feature,3,0.052884615384615384,0.3142857142857143,0.09053497942386832,33,624,105,39
csvkit,Scientific-Engineering/csvkit,feature,1,0.0,0.0,0.0,0,33,8,4
csvkit,Scientific-Engineering/csvkit,feature,3,0.041237113402061855,0.5,0.0761904761904762,4,97,8,4
diffusers,Scientific-Engineering/diffusers,feature,1,0.0,0.0,0.0,0,0,4,2
diffusers,Scientific-Engineering/diffusers,feature,3,0.0,0.0,0.0,0,51,4,2
folium,Scientific-Engineering/folium,feature,1,0.14285714285714285,0.6,0.23076923076923073,3,21,5,3
folium,Scientific-Engineering/folium,feature,3,0.07692307692307693,0.6,0.13636363636363635,3,39,5,3
lux,Scientific-Engineering/lux,feature,1,0.2,0.36363636363636365,0.25806451612903225,4,20,11,2
lux,Scientific-Engineering/lux,feature,3,0.14705882352941177,0.45454545454545453,0.22222222222222224,5,34,11,2
rq,Scientific-Engineering/rq,feature,1,0.25,0.5,0.3333333333333333,1,4,2,1
rq,Scientific-Engineering/rq,feature,3,0.1,0.5,0.16666666666666669,1,10,2,1
asyncssh,Security/asyncssh,feature,1,0.11363636363636363,0.39473684210526316,0.1764705882352941,15,132,38,12
asyncssh,Security/asyncssh,feature,3,0.06859205776173286,0.5,0.12063492063492065,19,277,38,12
barf,Security/barf,feature,1,0.13043478260869565,0.5454545454545454,0.21052631578947367,18,138,33,12
barf,Security/barf,feature,3,0.08333333333333333,0.7272727272727273,0.14953271028037382,24,288,33,12
diffprivlib,Security/diffprivlib,feature,1,0.17889908256880735,0.3391304347826087,0.23423423423423426,39,218,115,30
diffprivlib,Security/diffprivlib,feature,3,0.1101871101871102,0.4608695652173913,0.1778523489932886,53,481,115,30
msticpy,Security/msticpy,feature,1,0.2571428571428571,0.38028169014084506,0.3068181818181818,27,105,71,22
msticpy,Security/msticpy,feature,3,0.09,0.38028169014084506,0.14555256064690025,27,300,71,22
oletools,Security/oletools,feature,1,0.6538461538461539,0.2328767123287671,0.3434343434343435,17,26,73,8
oletools,Security/oletools,feature,3,0.14912280701754385,0.2328767123287671,0.18181818181818182,17,114,73,8
passpie,Security/passpie,feature,1,0.125,0.5,0.2,1,8,2,2
passpie,Security/passpie,feature,3,0.034482758620689655,0.5,0.06451612903225806,1,29,2,2
principalmapper,Security/principalmapper,feature,1,0.075,0.6,0.13333333333333333,3,40,5,2
principalmapper,Security/principalmapper,feature,3,0.05172413793103448,0.6,0.09523809523809525,3,58,5,2
pycoin,Security/pycoin,feature,1,0.05531914893617021,0.37142857142857144,0.0962962962962963,13,235,35,33
pycoin,Security/pycoin,feature,3,0.03421461897356143,0.6285714285714286,0.06489675516224187,22,643,35,33
pyOpenSSL,Security/pyOpenSSL,feature,1,0.25,1.0,0.4,1,4,1,1
pyOpenSSL,Security/pyOpenSSL,feature,3,0.125,1.0,0.2222222222222222,1,8,1,1
python-taint,Security/python-taint,feature,1,0.15384615384615385,0.46153846153846156,0.23076923076923075,6,39,13,7
python-taint,Security/python-taint,feature,3,0.07368421052631578,0.5384615384615384,0.12962962962962962,7,95,13,7
threatingestor,Security/threatingestor,feature,1,0.36363636363636365,0.5,0.4210526315789474,4,11,8,3
threatingestor,Security/threatingestor,feature,3,0.13333333333333333,0.5,0.2105263157894737,4,30,8,3
trailscraper,Security/trailscraper,feature,1,0.25925925925925924,0.56,0.35443037974683544,14,54,25,11
trailscraper,Security/trailscraper,feature,3,0.10975609756097561,0.72,0.1904761904761905,18,164,25,11
zxcvbn-python,Security/zxcvbn-python,feature,1,0.17424242424242425,0.5,0.2584269662921348,23,132,46,18
zxcvbn-python,Security/zxcvbn-python,feature,3,0.0851063829787234,0.6086956521739131,0.14933333333333335,28,329,46,18
backtrader,Software-Development/backtrader,feature,1,0.5,0.041666666666666664,0.07692307692307693,1,2,24,1
backtrader,Software-Development/backtrader,feature,3,0.14285714285714285,0.041666666666666664,0.06451612903225806,1,7,24,1
dash,Software-Development/dash,feature,1,0.20967741935483872,0.3939393939393939,0.27368421052631575,13,62,33,18
dash,Software-Development/dash,feature,3,0.07462686567164178,0.45454545454545453,0.1282051282051282,15,201,33,18
discord-py,Software-Development/discord-py,feature,1,0.029411764705882353,0.25,0.05263157894736842,2,68,8,7
discord-py,Software-Development/discord-py,feature,3,0.031007751937984496,0.5,0.0583941605839416,4,129,8,7
Faker,Software-Development/Faker,feature,1,0.0958904109589041,0.5384615384615384,0.1627906976744186,7,73,13,21
Faker,Software-Development/Faker,feature,3,0.023333333333333334,0.5384615384615384,0.04472843450479234,7,300,13,21
pandas-profiling,Software-Development/pandas-profiling,feature,1,0.12903225806451613,0.22857142857142856,0.16494845360824745,8,62,35,11
pandas-profiling,Software-Development/pandas-profiling,feature,3,0.05909090909090909,0.37142857142857144,0.10196078431372549,13,220,35,11
peewee,Software-Development/peewee,feature,1,0.3,0.5555555555555556,0.3896103896103896,15,50,27,13
peewee,Software-Development/peewee,feature,3,0.10919540229885058,0.7037037037037037,0.18905472636815923,19,174,27,13
PySnooper,Software-Development/PySnooper,feature,1,0.0,0.0,0.0,0,21,1,3
PySnooper,Software-Development/PySnooper,feature,3,0.0,0.0,0.0,0,71,1,3
exodus-bundler,System/exodus-bundler,feature,1,0.19230769230769232,0.5172413793103449,0.28037383177570097,15,78,29,16
exodus-bundler,System/exodus-bundler,feature,3,0.07883817427385892,0.6551724137931034,0.14074074074074075,19,241,29,16
flower,System/flower,feature,1,0.0625,0.5,0.1111111111111111,1,16,2,4
flower,System/flower,feature,3,0.023255813953488372,0.5,0.04444444444444444,1,43,2,4
fs,System/fs,feature,1,0.07723577235772358,0.4634146341463415,0.132404181184669,19,246,41,31
fs,System/fs,feature,3,0.032590051457975985,0.4634146341463415,0.060897435897435896,19,583,41,31
mrjob,System/mrjob,feature,1,0.2156398104265403,0.3855932203389831,0.2765957446808511,91,422,236,105
mrjob,System/mrjob,feature,3,0.09138972809667674,0.5127118644067796,0.15512820512820513,121,1324,236,105
prometheus-client,System/prometheus-client,feature,1,0.23076923076923078,0.5,0.3157894736842105,9,39,18,5
prometheus-client,System/prometheus-client,feature,3,0.14444444444444443,0.7222222222222222,0.2407407407407407,13,90,18,5
sslyze,System/sslyze,feature,1,0.09090909090909091,0.2857142857142857,0.13793103448275862,8,88,28,10
sslyze,System/sslyze,feature,3,0.03827751196172249,0.2857142857142857,0.06751054852320676,8,209,28,10
trackerjacker,System/trackerjacker,feature,1,0.0,0.0,0.0,0,5,1,1
trackerjacker,System/trackerjacker,feature,3,0.0,0.0,0.0,0,11,1,1
viztracer,System/viztracer,feature,1,0.3333333333333333,0.4117647058823529,0.36842105263157887,7,21,17,5
viztracer,System/viztracer,feature,3,0.16883116883116883,0.7647058823529411,0.2765957446808511,13,77,17,5
wal-e,System/wal-e,feature,1,0.23404255319148937,0.4583333333333333,0.3098591549295775,11,47,24,11
wal-e,System/wal-e,feature,3,0.12403100775193798,0.6666666666666666,0.2091503267973856,16,129,24,11
dominate,Text-Processing/dominate,feature,1,0.08,0.5,0.13793103448275865,2,25,4,6
dominate,Text-Processing/dominate,feature,3,0.05714285714285714,1.0,0.1081081081081081,4,70,4,6
feedparser,Text-Processing/feedparser,feature,1,0.05263157894736842,0.2,0.08333333333333333,1,19,5,4
feedparser,Text-Processing/feedparser,feature,3,0.030303030303030304,0.4,0.05633802816901409,2,66,5,4
mistune,Text-Processing/mistune,feature,1,0.0,0.0,0.0,0,16,7,5
mistune,Text-Processing/mistune,feature,3,0.030303030303030304,0.2857142857142857,0.054794520547945216,2,66,7,5
online-judge-tools,Text-Processing/online-judge-tools,feature,1,0.125,0.2,0.15384615384615385,4,32,20,3
online-judge-tools,Text-Processing/online-judge-tools,feature,3,0.09433962264150944,0.25,0.13698630136986303,5,53,20,3
parsel,Text-Processing/parsel,feature,1,0.05,1.0,0.09523809523809523,1,20,1,3
parsel,Text-Processing/parsel,feature,3,0.018867924528301886,1.0,0.037037037037037035,1,53,1,3
pycorrector,Text-Processing/pycorrector,feature,1,0.2564102564102564,0.7692307692307693,0.38461538461538464,10,39,13,6
pycorrector,Text-Processing/pycorrector,feature,3,0.11827956989247312,0.8461538461538461,0.20754716981132076,11,93,13,6
PyLaTeX,Text-Processing/PyLaTeX,feature,1,0.42857142857142855,0.42857142857142855,0.42857142857142855,3,7,7,2
PyLaTeX,Text-Processing/PyLaTeX,feature,3,0.10256410256410256,0.5714285714285714,0.17391304347826086,4,39,7,2
pymorphy2,Text-Processing/pymorphy2,feature,1,0.0625,0.5,0.1111111111111111,1,16,2,2
pymorphy2,Text-Processing/pymorphy2,feature,3,0.02631578947368421,0.5,0.05,1,38,2,2
python-benedict,Text-Processing/python-benedict,feature,1,0.06818181818181818,0.75,0.125,3,44,4,4
python-benedict,Text-Processing/python-benedict,feature,3,0.03409090909090909,0.75,0.06521739130434782,3,88,4,4
rows,Text-Processing/rows,feature,1,0.04132231404958678,0.22727272727272727,0.06993006993006992,5,121,22,12
rows,Text-Processing/rows,feature,3,0.03365384615384615,0.3181818181818182,0.06086956521739131,7,208,22,12
boltons,Utilities/boltons,feature,1,0.19499341238471674,0.5670498084291188,0.2901960784313726,148,759,261,103
boltons,Utilities/boltons,feature,3,0.1096305269533616,0.6934865900383141,0.1893305439330544,181,1651,261,103
gunicorn,Utilities/gunicorn,feature,1,0.05699481865284974,0.28205128205128205,0.09482758620689657,11,193,39,23
gunicorn,Utilities/gunicorn,feature,3,0.04699738903394256,0.46153846153846156,0.08530805687203792,18,383,39,23
jc,Utilities/jc,feature,1,0.2857142857142857,0.23809523809523808,0.25974025974025977,10,35,42,7
jc,Utilities/jc,feature,3,0.12121212121212122,0.2857142857142857,0.1702127659574468,12,99,42,7
mackup,Utilities/mackup,feature,1,0.21875,0.6363636363636364,0.3255813953488372,7,32,11,7
mackup,Utilities/mackup,feature,3,0.0660377358490566,0.6363636363636364,0.11965811965811965,7,106,11,7
mmcv,Utilities/mmcv,feature,1,0.04807692307692308,0.45454545454545453,0.08695652173913043,5,104,11,4
mmcv,Utilities/mmcv,feature,3,0.03496503496503497,0.45454545454545453,0.06493506493506494,5,143,11,4
praw,Utilities/praw,feature,1,0.08860759493670886,0.5833333333333334,0.15384615384615383,14,158,24,14
praw,Utilities/praw,feature,3,0.08502024291497975,0.875,0.15498154981549814,21,247,24,14
PyJWT,Utilities/PyJWT,feature,1,0.20588235294117646,0.5384615384615384,0.2978723404255319,7,34,13,6
PyJWT,Utilities/PyJWT,feature,3,0.061946902654867256,0.5384615384615384,0.11111111111111112,7,113,13,6
pymusic-dl,Utilities/pymusic-dl,feature,1,0.2857142857142857,0.5,0.36363636363636365,4,14,8,2
pymusic-dl,Utilities/pymusic-dl,feature,3,0.12,0.75,0.20689655172413793,6,50,8,2
sacred,Utilities/sacred,feature,1,0.11196911196911197,0.35365853658536583,0.17008797653958943,29,259,82,44
sacred,Utilities/sacred,feature,3,0.05518394648829431,0.4024390243902439,0.09705882352941177,33,598,82,44
stellar,Utilities/stellar,feature,1,0.0,0.0,0.0,0,21,2,2
stellar,Utilities/stellar,feature,3,0.0,0.0,0.0,0,42,2,2
whereami,Utilities/whereami,feature,1,0.08333333333333333,0.5,0.14285714285714285,1,12,2,1
whereami,Utilities/whereami,feature,3,0.08695652173913043,1.0,0.16,2,23,2,1
ALL,,feature,1,0.15630451237238782,0.3791144439301221,0.2093378893205093,1390,10103,3883,1430
ALL,,feature,3,0.07699856928842334,0.49467693523108563,0.13041200878336623,1835,24948,3883,1430
