project_name,total_tasks,mid_improved,mid_decreased,sum_gt,ori_match,ori_pred,ori_R,ori_P,ori_F1,mid_match,mid_pred,mid_R,mid_P,mid_F1,rank_10_improved,rank_10_decreased,rank_10_match,rank_10_pred,rank_10_R,rank_10_P,rank_10_F1,rank_15_improved,rank_15_decreased,rank_15_match,rank_15_pred,rank_15_R,rank_15_P,rank_15_F1,rank_20_improved,rank_20_decreased,rank_20_match,rank_20_pred,rank_20_R,rank_20_P,rank_20_F1
chatette,22,3,0,82,25,280,0.304878,0.089286,0.138122,28,796,0.341463,0.035176,0.063781,3,1,25,220,0.304878,0.113636,0.165563,3,1,26,330,0.317073,0.078788,0.126214,3,1,26,428,0.317073,0.060748,0.101961
ehforwarderbot,5,0,0,20,13,53,0.65,0.245283,0.356164,13,93,0.65,0.139785,0.230088,0,1,12,50,0.6,0.24,0.342857,0,0,13,67,0.65,0.19403,0.298851,0,0,13,82,0.65,0.158537,0.254902
hbmqtt,3,0,0,2,2,47,1.0,0.042553,0.081633,2,91,1.0,0.021978,0.043011,0,0,2,30,1.0,0.066667,0.125,0,0,2,45,1.0,0.044444,0.085106,0,0,2,60,1.0,0.033333,0.064516
hl7,7,0,0,22,13,109,0.590909,0.119266,0.198473,13,166,0.590909,0.078313,0.138298,0,0,13,70,0.590909,0.185714,0.282609,0,0,13,105,0.590909,0.12381,0.204724,0,0,13,136,0.590909,0.095588,0.164557
IMAPClient,33,10,0,122,63,712,0.516393,0.088483,0.151079,80,1573,0.655738,0.050858,0.094395,4,7,58,330,0.47541,0.175758,0.256637,7,3,68,495,0.557377,0.137374,0.220421,8,2,71,660,0.581967,0.107576,0.181586
PySimpleSOAP,2,0,0,9,7,26,0.777778,0.269231,0.4,7,58,0.777778,0.12069,0.208955,0,0,7,20,0.777778,0.35,0.482759,0,0,7,27,0.777778,0.259259,0.388889,0,0,7,32,0.777778,0.21875,0.341463
twilio-fatisar,30,0,0,69,15,450,0.217391,0.033333,0.057803,15,795,0.217391,0.018868,0.034722,0,0,15,299,0.217391,0.050167,0.081522,0,0,15,422,0.217391,0.035545,0.0611,0,0,15,520,0.217391,0.028846,0.050934
twtxt,8,0,0,17,11,159,0.647059,0.069182,0.125,11,232,0.647059,0.047414,0.088353,0,2,9,80,0.529412,0.1125,0.185567,0,2,9,120,0.529412,0.075,0.131387,0,1,10,160,0.588235,0.0625,0.112994
Wikipedia-API,13,1,0,49,11,444,0.22449,0.024775,0.044625,12,510,0.244898,0.023529,0.042934,1,2,9,130,0.183673,0.069231,0.100559,1,0,12,195,0.244898,0.061538,0.098361,1,0,12,260,0.244898,0.046154,0.07767
zulip-term,36,5,0,98,46,498,0.469388,0.092369,0.154362,53,1530,0.540816,0.034641,0.065111,1,3,41,360,0.418367,0.113889,0.179039,2,1,45,540,0.459184,0.083333,0.141066,5,1,51,714,0.520408,0.071429,0.125616
alembic,51,13,0,254,71,731,0.279528,0.097127,0.144162,88,1617,0.346457,0.054422,0.094067,10,5,60,510,0.23622,0.117647,0.157068,10,4,65,750,0.255906,0.086667,0.129482,11,4,71,958,0.279528,0.074113,0.117162
asyncpg,1,0,0,1,0,6,0.0,0.0,0.0,0,9,0.0,0.0,0.0,0,0,0,9,0.0,0.0,0.0,0,0,0,9,0.0,0.0,0.0,0,0,0,9,0.0,0.0,0.0
awesome-autodl,2,0,0,2,2,33,1.0,0.060606,0.114286,2,36,1.0,0.055556,0.105263,0,0,2,20,1.0,0.1,0.181818,0,0,2,30,1.0,0.066667,0.125,0,0,2,36,1.0,0.055556,0.105263
bplustree,19,2,0,84,45,400,0.535714,0.1125,0.18595,47,694,0.559524,0.067723,0.120823,0,3,41,190,0.488095,0.215789,0.29927,0,3,41,285,0.488095,0.14386,0.222222,2,2,45,380,0.535714,0.118421,0.193966
csvs-to-sqlite,2,0,0,3,2,44,0.666667,0.045455,0.085106,2,50,0.666667,0.04,0.075472,0,0,2,20,0.666667,0.1,0.173913,0,0,2,30,0.666667,0.066667,0.121212,0,0,2,40,0.666667,0.05,0.093023
datasette,42,7,0,145,58,625,0.4,0.0928,0.150649,74,1651,0.510345,0.044821,0.082405,1,4,55,420,0.37931,0.130952,0.19469,5,1,64,630,0.441379,0.101587,0.165161,6,1,66,829,0.455172,0.079614,0.135524
happybase,3,0,0,1,0,52,0.0,0.0,0.0,0,76,0.0,0.0,0.0,0,0,0,30,0.0,0.0,0.0,0,0,0,45,0.0,0.0,0.0,0,0,0,60,0.0,0.0,0.0
litecli,5,0,0,8,7,61,0.875,0.114754,0.202899,7,107,0.875,0.065421,0.121739,0,0,7,50,0.875,0.14,0.241379,0,0,7,73,0.875,0.09589,0.17284,0,0,7,93,0.875,0.075269,0.138614
mongoengine,1,0,0,1,1,5,1.0,0.2,0.333333,1,12,1.0,0.083333,0.153846,0,0,1,10,1.0,0.1,0.181818,0,0,1,11,1.0,0.090909,0.166667,0,0,1,11,1.0,0.090909,0.166667
mssql-cli,20,1,0,73,51,271,0.69863,0.188192,0.296512,52,504,0.712329,0.103175,0.180243,1,2,50,200,0.684932,0.25,0.3663,1,1,51,300,0.69863,0.17,0.273458,1,1,51,375,0.69863,0.136,0.227679
sqlite-utils,7,0,0,2,1,71,0.5,0.014085,0.027397,1,202,0.5,0.00495,0.009804,0,0,1,70,0.5,0.014286,0.027778,0,0,1,100,0.5,0.01,0.019608,0,0,1,129,0.5,0.007752,0.015267
Authlib,11,2,0,16,4,184,0.25,0.021739,0.04,6,877,0.375,0.006842,0.013438,1,0,5,110,0.3125,0.045455,0.079365,1,0,5,165,0.3125,0.030303,0.055249,1,0,5,220,0.3125,0.022727,0.042373
boto,121,13,0,386,201,3073,0.520725,0.065408,0.116219,218,5627,0.564767,0.038742,0.07251,9,18,186,1210,0.481865,0.153719,0.233083,9,9,201,1807,0.520725,0.111234,0.183311,11,5,208,2388,0.53886,0.087102,0.149964
databases,1,0,0,2,0,8,0.0,0.0,0.0,0,17,0.0,0.0,0.0,0,0,0,10,0.0,0.0,0.0,0,0,0,15,0.0,0.0,0.0,0,0,0,16,0.0,0.0,0.0
djangorestframework,27,6,0,75,27,552,0.36,0.048913,0.086124,33,1252,0.44,0.026358,0.049736,5,2,27,270,0.36,0.1,0.156522,5,0,32,405,0.426667,0.079012,0.133333,6,0,33,535,0.44,0.061682,0.108197
falcon,49,1,0,135,56,849,0.414815,0.06596,0.113821,57,1507,0.422222,0.037823,0.069428,1,4,51,489,0.377778,0.104294,0.163462,1,2,54,722,0.4,0.074792,0.126021,1,1,55,936,0.407407,0.058761,0.102708
google-api-python-client,10,2,0,32,6,195,0.1875,0.030769,0.052863,8,342,0.25,0.023392,0.042781,1,0,7,100,0.21875,0.07,0.106061,2,0,8,150,0.25,0.053333,0.087912,2,0,8,200,0.25,0.04,0.068966
Jinja2,17,0,0,47,25,220,0.531915,0.113636,0.187266,25,457,0.531915,0.054705,0.099206,0,2,20,167,0.425532,0.11976,0.186916,0,1,24,247,0.510638,0.097166,0.163265,0,0,25,314,0.531915,0.079618,0.138504
python-twitter,3,0,0,9,4,63,0.444444,0.063492,0.111111,4,103,0.444444,0.038835,0.071429,0,1,3,30,0.333333,0.1,0.153846,0,1,3,45,0.333333,0.066667,0.111111,0,1,3,55,0.333333,0.054545,0.09375
sumy,30,7,0,65,35,400,0.538462,0.0875,0.150538,43,783,0.661538,0.054917,0.101415,7,0,43,300,0.661538,0.143333,0.235616,7,0,43,445,0.661538,0.096629,0.168627,7,0,43,567,0.661538,0.075838,0.136076
gif-for-cli,5,0,0,2,0,122,0.0,0.0,0.0,0,131,0.0,0.0,0.0,0,0,0,50,0.0,0.0,0.0,0,0,0,75,0.0,0.0,0.0,0,0,0,100,0.0,0.0,0.0
hypertools,11,1,0,21,20,168,0.952381,0.119048,0.21164,21,264,1.0,0.079545,0.147368,0,2,2,110,0.095238,0.018182,0.030534,1,1,19,160,0.904762,0.11875,0.209945,1,1,20,200,0.952381,0.1,0.180995
mingus,52,5,0,137,74,1134,0.540146,0.065256,0.116444,79,1853,0.576642,0.042634,0.079397,5,5,62,517,0.452555,0.119923,0.189602,5,4,66,760,0.481752,0.086842,0.147157,5,2,72,983,0.525547,0.073245,0.128571
Mopidy,47,1,0,175,68,1171,0.388571,0.05807,0.10104,69,2098,0.394286,0.032888,0.060713,1,7,53,470,0.302857,0.112766,0.164341,1,4,57,702,0.325714,0.081197,0.129989,1,2,62,919,0.354286,0.067465,0.113346
bentoml,39,1,0,105,33,603,0.314286,0.054726,0.09322,34,1170,0.32381,0.02906,0.053333,1,2,32,386,0.304762,0.082902,0.130346,1,0,34,565,0.32381,0.060177,0.101493,1,0,34,710,0.32381,0.047887,0.083436
csvkit,4,1,0,8,4,97,0.5,0.041237,0.07619,5,197,0.625,0.025381,0.04878,1,0,5,40,0.625,0.125,0.208333,1,0,5,60,0.625,0.083333,0.147059,1,0,5,80,0.625,0.0625,0.113636
diffusers,2,0,0,4,0,51,0.0,0.0,0.0,0,119,0.0,0.0,0.0,0,0,0,20,0.0,0.0,0.0,0,0,0,30,0.0,0.0,0.0,0,0,0,40,0.0,0.0,0.0
folium,3,0,0,5,3,39,0.6,0.076923,0.136364,3,80,0.6,0.0375,0.070588,0,0,3,30,0.6,0.1,0.171429,0,0,3,45,0.6,0.066667,0.12,0,0,3,55,0.6,0.054545,0.1
lux,2,2,0,11,5,34,0.454545,0.147059,0.222222,7,79,0.636364,0.088608,0.155556,2,0,7,20,0.636364,0.35,0.451613,2,0,7,30,0.636364,0.233333,0.341463,2,0,7,40,0.636364,0.175,0.27451
rq,1,0,0,2,1,10,0.5,0.1,0.166667,1,32,0.5,0.03125,0.058824,0,0,1,10,0.5,0.1,0.166667,0,0,1,15,0.5,0.066667,0.117647,0,0,1,20,0.5,0.05,0.090909
asyncssh,12,2,0,38,19,277,0.5,0.068592,0.120635,21,782,0.552632,0.026854,0.05122,2,1,20,120,0.526316,0.166667,0.253165,2,1,20,180,0.526316,0.111111,0.183486,2,1,20,240,0.526316,0.083333,0.143885
barf,12,0,0,33,24,288,0.727273,0.083333,0.149533,24,608,0.727273,0.039474,0.074883,0,4,19,120,0.575758,0.158333,0.248366,0,3,20,180,0.606061,0.111111,0.187793,0,1,23,240,0.69697,0.095833,0.168498
diffprivlib,30,9,0,115,53,474,0.46087,0.111814,0.179966,68,1053,0.591304,0.064577,0.116438,7,4,47,300,0.408696,0.156667,0.226506,9,2,56,442,0.486957,0.126697,0.201077,9,2,58,563,0.504348,0.10302,0.171091
msticpy,22,0,0,71,27,300,0.380282,0.09,0.145553,27,466,0.380282,0.05794,0.100559,0,0,27,220,0.380282,0.122727,0.185567,0,0,27,328,0.380282,0.082317,0.135338,0,0,27,411,0.380282,0.065693,0.112033
oletools,8,1,0,73,17,113,0.232877,0.150442,0.182796,18,222,0.246575,0.081081,0.122034,1,0,18,80,0.246575,0.225,0.235294,1,0,18,120,0.246575,0.15,0.186528,1,0,18,152,0.246575,0.118421,0.16
passpie,2,0,0,2,1,29,0.5,0.034483,0.064516,1,58,0.5,0.017241,0.033333,0,0,1,20,0.5,0.05,0.090909,0,0,1,30,0.5,0.033333,0.0625,0,0,1,40,0.5,0.025,0.047619
principalmapper,2,0,0,5,3,58,0.6,0.051724,0.095238,3,77,0.6,0.038961,0.073171,0,0,3,20,0.6,0.15,0.24,0,0,3,30,0.6,0.1,0.171429,0,0,3,40,0.6,0.075,0.133333
pycoin,33,0,0,35,22,641,0.628571,0.034321,0.065089,22,1210,0.628571,0.018182,0.035341,0,1,21,330,0.6,0.063636,0.115068,0,0,22,487,0.628571,0.045175,0.084291,0,0,22,635,0.628571,0.034646,0.065672
pyOpenSSL,1,0,0,1,1,8,1.0,0.125,0.222222,1,14,1.0,0.071429,0.133333,0,0,1,10,1.0,0.1,0.181818,0,0,1,14,1.0,0.071429,0.133333,0,0,1,14,1.0,0.071429,0.133333
python-taint,7,0,0,13,7,95,0.538462,0.073684,0.12963,7,178,0.538462,0.039326,0.073298,0,0,7,70,0.538462,0.1,0.168675,0,0,7,105,0.538462,0.066667,0.118644,0,0,7,125,0.538462,0.056,0.101449
threatingestor,3,1,0,8,4,30,0.5,0.133333,0.210526,5,58,0.625,0.086207,0.151515,1,0,5,30,0.625,0.166667,0.263158,1,0,5,45,0.625,0.111111,0.188679,1,0,5,55,0.625,0.090909,0.15873
trailscraper,11,0,0,25,18,164,0.72,0.109756,0.190476,18,251,0.72,0.071713,0.130435,0,0,18,110,0.72,0.163636,0.266667,0,0,18,165,0.72,0.109091,0.189474,0,0,18,203,0.72,0.08867,0.157895
zxcvbn-python,18,0,0,46,28,329,0.608696,0.085106,0.149333,28,403,0.608696,0.069479,0.124722,0,2,24,180,0.521739,0.133333,0.212389,0,2,26,265,0.565217,0.098113,0.167203,0,0,28,339,0.608696,0.082596,0.145455
backtrader,1,0,0,24,1,7,0.041667,0.142857,0.064516,1,24,0.041667,0.041667,0.041667,0,0,1,10,0.041667,0.1,0.058824,0,0,1,15,0.041667,0.066667,0.051282,0,0,1,20,0.041667,0.05,0.045455
dash,18,0,0,33,15,201,0.454545,0.074627,0.128205,15,363,0.454545,0.041322,0.075758,0,0,15,180,0.454545,0.083333,0.140845,0,0,15,264,0.454545,0.056818,0.10101,0,0,15,317,0.454545,0.047319,0.085714
discord-py,7,0,0,8,4,122,0.5,0.032787,0.061538,4,221,0.5,0.0181,0.034934,0,1,3,70,0.375,0.042857,0.076923,0,0,4,101,0.5,0.039604,0.073394,0,0,4,128,0.5,0.03125,0.058824
Faker,21,0,0,13,7,299,0.538462,0.023411,0.044872,7,799,0.538462,0.008761,0.017241,0,0,7,205,0.538462,0.034146,0.06422,0,0,7,286,0.538462,0.024476,0.046823,0,0,7,363,0.538462,0.019284,0.037234
pandas-profiling,11,1,0,35,13,220,0.371429,0.059091,0.101961,14,409,0.4,0.03423,0.063063,0,1,12,110,0.342857,0.109091,0.165517,1,1,13,165,0.371429,0.078788,0.13,1,1,13,219,0.371429,0.059361,0.102362
peewee,13,0,0,27,19,174,0.703704,0.109195,0.189055,19,339,0.703704,0.056047,0.103825,0,0,19,130,0.703704,0.146154,0.242038,0,0,19,194,0.703704,0.097938,0.171946,0,0,19,248,0.703704,0.076613,0.138182
PySnooper,3,0,0,1,0,68,0.0,0.0,0.0,0,97,0.0,0.0,0.0,0,0,0,30,0.0,0.0,0.0,0,0,0,45,0.0,0.0,0.0,0,0,0,60,0.0,0.0,0.0
exodus-bundler,16,0,0,29,19,241,0.655172,0.078838,0.140741,19,383,0.655172,0.049608,0.092233,0,2,14,160,0.482759,0.0875,0.148148,0,1,16,231,0.551724,0.069264,0.123077,0,1,17,275,0.586207,0.061818,0.111842
flower,4,0,0,2,1,43,0.5,0.023256,0.044444,1,60,0.5,0.016667,0.032258,0,0,1,40,0.5,0.025,0.047619,0,0,1,56,0.5,0.017857,0.034483,0,0,1,59,0.5,0.016949,0.032787
fs,31,4,0,41,19,577,0.463415,0.032929,0.061489,24,1395,0.585366,0.017204,0.033426,4,1,21,310,0.512195,0.067742,0.119658,4,0,24,465,0.585366,0.051613,0.094862,4,0,24,620,0.585366,0.03871,0.072617
mrjob,105,18,0,236,121,1314,0.512712,0.092085,0.156129,142,3314,0.601695,0.042849,0.08,15,7,125,1049,0.529661,0.119161,0.194553,17,1,139,1550,0.588983,0.089677,0.155655,18,1,141,1983,0.597458,0.071104,0.127084
prometheus-client,5,1,0,18,13,90,0.722222,0.144444,0.240741,14,179,0.777778,0.078212,0.142132,0,1,11,50,0.611111,0.22,0.323529,0,0,13,75,0.722222,0.173333,0.27957,0,0,13,100,0.722222,0.13,0.220339
sslyze,10,1,0,28,8,209,0.285714,0.038278,0.067511,10,475,0.357143,0.021053,0.039761,1,0,9,100,0.321429,0.09,0.140625,1,0,10,150,0.357143,0.066667,0.11236,1,0,10,200,0.357143,0.05,0.087719
trackerjacker,1,0,0,1,0,11,0.0,0.0,0.0,0,19,0.0,0.0,0.0,0,0,0,10,0.0,0.0,0.0,0,0,0,15,0.0,0.0,0.0,0,0,0,18,0.0,0.0,0.0
viztracer,5,3,0,17,13,77,0.764706,0.168831,0.276596,16,144,0.941176,0.111111,0.198758,2,1,14,50,0.823529,0.28,0.41791,3,0,16,75,0.941176,0.213333,0.347826,3,0,16,98,0.941176,0.163265,0.278261
wal-e,11,0,0,24,16,129,0.666667,0.124031,0.20915,16,326,0.666667,0.04908,0.091429,0,0,16,110,0.666667,0.145455,0.238806,0,0,16,165,0.666667,0.09697,0.169312,0,0,16,217,0.666667,0.073733,0.13278
dominate,6,0,0,4,4,70,1.0,0.057143,0.108108,4,111,1.0,0.036036,0.069565,0,0,4,60,1.0,0.066667,0.125,0,0,4,78,1.0,0.051282,0.097561,0,0,4,91,1.0,0.043956,0.084211
feedparser,4,0,0,5,2,66,0.4,0.030303,0.056338,2,158,0.4,0.012658,0.02454,0,0,2,40,0.4,0.05,0.088889,0,0,2,60,0.4,0.033333,0.061538,0,0,2,79,0.4,0.025316,0.047619
mistune,5,0,0,7,2,66,0.285714,0.030303,0.054795,2,104,0.285714,0.019231,0.036036,0,0,2,50,0.285714,0.04,0.070175,0,0,2,74,0.285714,0.027027,0.049383,0,0,2,86,0.285714,0.023256,0.043011
online-judge-tools,3,0,0,20,5,53,0.25,0.09434,0.136986,5,76,0.25,0.065789,0.104167,0,0,5,30,0.25,0.166667,0.2,0,0,5,45,0.25,0.111111,0.153846,0,0,5,56,0.25,0.089286,0.131579
parsel,3,0,0,1,1,45,1.0,0.022222,0.043478,1,68,1.0,0.014706,0.028986,0,0,1,30,1.0,0.033333,0.064516,0,0,1,45,1.0,0.022222,0.043478,0,0,1,55,1.0,0.018182,0.035714
pycorrector,6,0,0,13,11,93,0.846154,0.11828,0.207547,11,170,0.846154,0.064706,0.120219,0,1,10,60,0.769231,0.166667,0.273973,0,0,11,90,0.846154,0.122222,0.213592,0,0,11,120,0.846154,0.091667,0.165414
PyLaTeX,2,0,0,7,4,39,0.571429,0.102564,0.173913,4,64,0.571429,0.0625,0.112676,0,0,4,20,0.571429,0.2,0.296296,0,0,4,30,0.571429,0.133333,0.216216,0,0,4,40,0.571429,0.1,0.170213
pymorphy2,2,0,0,2,1,34,0.5,0.029412,0.055556,1,66,0.5,0.015152,0.029412,0,0,1,20,0.5,0.05,0.090909,0,0,1,30,0.5,0.033333,0.0625,0,0,1,37,0.5,0.027027,0.051282
python-benedict,4,0,0,4,3,88,0.75,0.034091,0.065217,3,121,0.75,0.024793,0.048,0,0,3,40,0.75,0.075,0.136364,0,0,3,60,0.75,0.05,0.09375,0,0,3,75,0.75,0.04,0.075949
rows,12,0,0,22,7,208,0.318182,0.033654,0.06087,7,374,0.318182,0.018717,0.035354,0,3,4,120,0.181818,0.033333,0.056338,0,0,7,180,0.318182,0.038889,0.069307,0,0,7,237,0.318182,0.029536,0.054054
boltons,103,7,0,261,181,1636,0.693487,0.110636,0.190828,190,2879,0.727969,0.065995,0.121019,5,11,163,1010,0.624521,0.161386,0.256491,6,9,174,1438,0.666667,0.121001,0.204826,6,6,181,1773,0.693487,0.102087,0.177974
gunicorn,23,1,0,39,18,383,0.461538,0.046997,0.085308,19,748,0.487179,0.025401,0.048285,0,4,12,228,0.307692,0.052632,0.089888,0,3,14,330,0.358974,0.042424,0.075881,0,1,16,417,0.410256,0.038369,0.070175
jc,7,2,0,42,12,99,0.285714,0.121212,0.170213,16,212,0.380952,0.075472,0.125984,2,1,12,70,0.285714,0.171429,0.214286,2,1,12,104,0.285714,0.115385,0.164384,2,1,14,129,0.333333,0.108527,0.163743
mackup,7,0,0,11,7,106,0.636364,0.066038,0.119658,7,143,0.636364,0.048951,0.090909,0,0,7,70,0.636364,0.1,0.17284,0,0,7,103,0.636364,0.067961,0.122807,0,0,7,123,0.636364,0.056911,0.104478
mmcv,4,0,0,11,5,143,0.454545,0.034965,0.064935,5,241,0.454545,0.020747,0.039683,0,0,5,40,0.454545,0.125,0.196078,0,0,5,60,0.454545,0.083333,0.140845,0,0,5,80,0.454545,0.0625,0.10989
praw,14,0,0,24,21,245,0.875,0.085714,0.156134,21,513,0.875,0.040936,0.078212,0,0,21,140,0.875,0.15,0.256098,0,0,21,202,0.875,0.10396,0.185841,0,0,21,257,0.875,0.081712,0.149466
PyJWT,6,2,0,13,7,95,0.538462,0.073684,0.12963,10,233,0.769231,0.042918,0.081301,2,0,9,60,0.692308,0.15,0.246575,2,0,10,90,0.769231,0.111111,0.194175,2,0,10,120,0.769231,0.083333,0.150376
pymusic-dl,2,0,0,8,6,50,0.75,0.12,0.206897,6,90,0.75,0.066667,0.122449,0,1,4,20,0.5,0.2,0.285714,0,1,4,30,0.5,0.133333,0.210526,0,1,4,40,0.5,0.1,0.166667
sacred,44,4,0,82,33,596,0.402439,0.055369,0.097345,38,1062,0.463415,0.035782,0.066434,4,1,37,440,0.45122,0.084091,0.141762,4,1,37,655,0.45122,0.056489,0.100407,4,0,38,820,0.463415,0.046341,0.084257
stellar,2,0,0,2,0,42,0.0,0.0,0.0,0,60,0.0,0.0,0.0,0,0,0,20,0.0,0.0,0.0,0,0,0,30,0.0,0.0,0.0,0,0,0,40,0.0,0.0,0.0
whereami,1,0,0,2,2,23,1.0,0.086957,0.16,2,25,1.0,0.08,0.148148,0,0,2,10,1.0,0.2,0.333333,0,0,2,15,1.0,0.133333,0.235294,0,0,2,20,1.0,0.1,0.181818
ALL,1430,141,0,3883,1835,24818,0.494677,0.077384,0.133832,2020,49235,0.539223,0.043237,0.080056,101,121,1704,14259,0.462177,0.119498,0.189898,118,64,1850,21044,0.501178,0.087835,0.149474,130,41,1916,27027,0.516735,0.070836,0.124593
