project,total_tasks,dr_defined_tasks,gt,old_hits,archived_gt,archived_old_hits,recomputed_legacy_project_dr,archived_project_dr,new_macro_dr,new_project_micro,historical_counts_match
Communications/IMAPClient,33,31,122,68,122,68,0.557377,0.557377,0.6325303728529535,0.5737704918032787,True
Communications/PySimpleSOAP,2,2,9,7,9,7,0.777778,0.777778,0.9375,0.8888888888888888,True
Communications/Wikipedia-API,13,13,49,12,49,12,0.244898,0.244898,0.3269230769230769,0.30612244897959184,True
Communications/chatette,22,14,82,26,82,26,0.317073,0.317073,0.27153679653679647,0.3048780487804878,True
Communications/ehforwarderbot,5,5,20,13,20,13,0.65,0.65,0.7100000000000001,0.65,True
Communications/hbmqtt,3,2,2,2,2,2,1.0,1.0,1.0,1.0,True
Communications/hl7,7,7,22,13,22,13,0.590909,0.590909,0.5952380952380951,0.6363636363636364,True
Communications/twilio-fatisar,30,25,69,15,69,15,0.217391,0.217391,0.30066666666666664,0.30434782608695654,True
Communications/twtxt,8,8,17,9,17,9,0.529412,0.529412,0.5833333333333333,0.5294117647058824,True
Communications/zulip-term,36,32,98,45,98,45,0.459184,0.459184,0.4897321428571428,0.45918367346938777,True
Database/alembic,51,50,254,65,254,65,0.255906,0.255906,0.3404649765439238,0.28346456692913385,True
Database/asyncpg,1,1,1,0,1,0,0.0,0.0,0.0,0.0,True
Database/awesome-autodl,2,2,2,2,2,2,1.0,1.0,1.0,1.0,True
Database/bplustree,19,14,84,41,84,41,0.488095,0.488095,0.4715857555143269,0.5,True
Database/csvs-to-sqlite,2,1,3,2,3,2,0.666667,0.666667,1.0,1.0,True
Database/datasette,42,31,145,64,145,64,0.441379,0.441379,0.28198774133309235,0.4413793103448276,True
Database/happybase,3,1,1,0,1,0,0.0,0.0,0.0,0.0,True
Database/litecli,5,4,8,7,8,7,0.875,0.875,0.9375,0.875,True
Database/mongoengine,1,1,1,1,1,1,1.0,1.0,1.0,1.0,True
Database/mssql-cli,20,16,73,51,73,51,0.69863,0.69863,0.7710001803751804,0.7123287671232876,True
Database/sqlite-utils,7,2,2,1,2,1,0.5,0.5,0.5,0.5,True
Internet/Authlib,11,7,16,5,16,5,0.3125,0.3125,0.3333333333333333,0.3125,True
Internet/Jinja2,17,13,47,24,47,24,0.510638,0.510638,0.5366300366300366,0.5319148936170213,True
Internet/boto,121,117,386,201,386,201,0.520725,0.520725,0.5250644417311084,0.5207253886010362,True
Internet/databases,1,1,2,0,2,0,0.0,0.0,0.0,0.0,True
Internet/djangorestframework,27,24,75,32,75,32,0.426667,0.426667,0.4277777777777778,0.4533333333333333,True
Internet/falcon,49,40,135,54,135,54,0.4,0.4,0.40625,0.3925925925925926,True
Internet/google-api-python-client,10,9,32,8,32,8,0.25,0.25,0.35622895622895623,0.28125,True
Internet/python-twitter,3,3,9,3,9,3,0.333333,0.333333,0.19999999999999998,0.3333333333333333,True
Internet/sumy,30,24,65,43,65,43,0.661538,0.661538,0.673611111111111,0.6615384615384615,True
Multimedia/Mopidy,47,37,175,57,175,57,0.325714,0.325714,0.42041937041937044,0.34285714285714286,True
Multimedia/gif-for-cli,5,1,2,0,2,0,0.0,0.0,0.0,0.0,True
Multimedia/hypertools,11,2,21,19,21,19,0.904762,0.904762,0.9090909090909092,0.9047619047619048,True
Multimedia/mingus,52,45,137,66,137,66,0.481752,0.481752,0.5862962962962962,0.49635036496350365,True
Scientific-Engineering/bentoml,39,30,105,34,105,34,0.32381,0.32381,0.3498412698412698,0.34285714285714286,True
Scientific-Engineering/csvkit,4,2,8,5,8,5,0.625,0.625,0.5833333333333333,0.625,True
Scientific-Engineering/diffusers,2,2,4,0,4,0,0.0,0.0,0.0,0.0,True
Scientific-Engineering/folium,3,2,5,3,5,3,0.6,0.6,0.375,0.6,True
Scientific-Engineering/lux,2,2,11,7,11,7,0.636364,0.636364,0.8,0.6363636363636364,True
Scientific-Engineering/rq,1,1,2,1,2,1,0.5,0.5,0.5,0.5,True
Security/asyncssh,12,11,38,20,38,20,0.526316,0.526316,0.5045454545454545,0.5263157894736842,True
Security/barf,12,12,33,20,33,20,0.606061,0.606061,0.5972222222222223,0.6363636363636364,True
Security/diffprivlib,30,26,115,56,115,56,0.486957,0.486957,0.5589293747188484,0.48695652173913045,True
Security/msticpy,22,19,71,27,71,27,0.380282,0.380282,0.3941786283891547,0.4225352112676056,True
Security/oletools,8,8,73,18,73,18,0.246575,0.246575,0.30781739811912223,0.2602739726027397,True
Security/passpie,2,2,2,1,2,1,0.5,0.5,0.5,0.5,True
Security/principalmapper,2,2,5,3,5,3,0.6,0.6,0.5833333333333333,0.6,True
Security/pyOpenSSL,1,1,1,1,1,1,1.0,1.0,1.0,1.0,True
Security/pycoin,33,18,35,22,35,22,0.628571,0.628571,0.6222222222222222,0.6285714285714286,True
Security/python-taint,7,6,13,7,13,7,0.538462,0.538462,0.7777777777777777,0.6923076923076923,True
Security/threatingestor,3,3,8,5,8,5,0.625,0.625,0.7000000000000001,0.625,True
Security/trailscraper,11,8,25,18,25,18,0.72,0.72,0.7968750000000001,0.72,True
Security/zxcvbn-python,18,14,46,26,46,26,0.565217,0.565217,0.6277777777777777,0.5652173913043478,True
Software-Development/Faker,21,7,13,7,13,7,0.538462,0.538462,0.5714285714285714,0.5384615384615384,True
Software-Development/PySnooper,3,1,1,0,1,0,0.0,0.0,0.0,0.0,True
Software-Development/backtrader,1,1,24,1,24,1,0.041667,0.041667,0.08333333333333333,0.08333333333333333,True
Software-Development/dash,18,14,33,15,33,15,0.454545,0.454545,0.35289115646258506,0.48484848484848486,True
Software-Development/discord-py,7,5,8,4,8,4,0.5,0.5,0.4333333333333333,0.5,True
Software-Development/pandas-profiling,11,11,35,13,35,13,0.371429,0.371429,0.4873737373737374,0.34285714285714286,True
Software-Development/peewee,13,10,27,19,27,19,0.703704,0.703704,0.6649999999999999,0.7037037037037037,True
System/exodus-bundler,16,13,29,16,29,16,0.551724,0.551724,0.5924908424908425,0.5517241379310345,True
System/flower,4,1,2,1,2,1,0.5,0.5,0.5,0.5,True
System/fs,31,24,41,24,41,24,0.585366,0.585366,0.6319444444444444,0.6097560975609756,True
System/mrjob,105,90,236,139,236,139,0.588983,0.588983,0.6162566137566137,0.5847457627118644,True
System/prometheus-client,5,5,18,13,18,13,0.722222,0.722222,0.7666666666666667,0.7222222222222222,True
System/sslyze,10,9,28,10,28,10,0.357143,0.357143,0.3888888888888889,0.35714285714285715,True
System/trackerjacker,1,1,1,0,1,0,0.0,0.0,0.0,0.0,True
System/viztracer,5,5,17,16,17,16,0.941176,0.941176,0.8,0.9411764705882353,True
System/wal-e,11,6,24,16,24,16,0.666667,0.666667,0.7708333333333334,0.6666666666666666,True
Text-Processing/PyLaTeX,2,2,7,4,7,4,0.571429,0.571429,0.65,0.7142857142857143,True
Text-Processing/dominate,6,3,4,4,4,4,1.0,1.0,1.0,1.0,True
Text-Processing/feedparser,4,3,5,2,5,2,0.4,0.4,0.3333333333333333,0.4,True
Text-Processing/mistune,5,2,7,2,7,2,0.285714,0.285714,0.41666666666666663,0.42857142857142855,True
Text-Processing/online-judge-tools,3,3,20,5,20,5,0.25,0.25,0.33888888888888885,0.25,True
Text-Processing/parsel,3,1,1,1,1,1,1.0,1.0,1.0,1.0,True
Text-Processing/pycorrector,6,4,13,11,13,11,0.846154,0.846154,0.9,0.8461538461538461,True
Text-Processing/pymorphy2,2,2,2,1,2,1,0.5,0.5,0.5,0.5,True
Text-Processing/python-benedict,4,3,4,3,4,3,0.75,0.75,0.6666666666666666,0.75,True
Text-Processing/rows,12,7,22,7,22,7,0.318182,0.318182,0.24761904761904763,0.3181818181818182,True
Utilities/PyJWT,6,5,13,10,13,10,0.769231,0.769231,0.8333333333333333,0.7692307692307693,True
Utilities/boltons,103,81,261,174,261,174,0.666667,0.666667,0.6904369978444053,0.685823754789272,True
Utilities/gunicorn,23,14,39,14,39,14,0.358974,0.358974,0.3773809523809524,0.38461538461538464,True
Utilities/jc,7,6,42,12,42,12,0.285714,0.285714,0.3498677248677249,0.2857142857142857,True
Utilities/mackup,7,5,11,7,11,7,0.636364,0.636364,0.6666666666666666,0.6363636363636364,True
Utilities/mmcv,4,2,11,5,11,5,0.454545,0.454545,0.4166666666666667,0.45454545454545453,True
Utilities/praw,14,12,24,21,24,21,0.875,0.875,0.9166666666666666,0.875,True
Utilities/pymusic-dl,2,2,8,4,8,4,0.5,0.5,0.2857142857142857,0.5,True
Utilities/sacred,44,30,82,37,82,37,0.45122,0.45122,0.5333333333333333,0.4634146341463415,True
Utilities/stellar,2,1,2,0,2,0,0.0,0.0,0.0,0.0,True
Utilities/whereami,1,1,2,2,2,2,1.0,1.0,1.0,1.0,True
