project,recall_at_1
OpenSSL,0.00%
aiohappybase,0.00%
alembic,23.29%
asyncpg,100.00%
asyncssh,0.00%
authlib,14.29%
awesome_autodl,0.00%
backtrader,33.33%
barf,19.44%
benedict,0.00%
bentoml,44.06%
boltons,18.87%
boto,5.61%
bplustree,14.96%
chatette,14.29%
check_dummies,0.00%
csvkit,0.00%
csvs_to_sqlite,0.00%
dash,9.35%
databases,0.00%
datasette,6.68%
diffprivlib,14.51%
discord,30.00%
dominate,0.00%
ehforwarderbot,55.00%
exodus_bundler,20.15%
faker,3.57%
falcon,20.99%
feedparser,16.67%
flower,0.00%
folium,50.00%
fs,8.33%
gif_for_cli,0.00%
googleapiclient,20.54%
gunicorn,9.52%
hbmqtt,0.00%
hl7,17.86%
hypertools,14.55%
imapclient,12.94%
jc,17.39%
jinja2,43.59%
jwt,20.00%
litecli,0.00%
lux,0.00%
mackup,0.00%
mingus,9.84%
mistune,45.83%
mmcv,100.00%
mongoengine,0.00%
mopidy,9.69%
mrjob,8.37%
mssqlcli,25.42%
msticpy,47.74%
music_dl,0.00%
oletools,0.00%
onlinejudge_command,16.67%
parsel,0.00%
passpie,50.00%
peewee,100.00%
playhouse,5.56%
praw,26.39%
principalmapper,41.67%
prometheus_client,3.33%
pycoin,3.89%
pycorrector,0.00%
pylatex,35.00%
pymorphy2,0.00%
pysimplesoap,12.50%
pysnooper,0.00%
pyt,20.83%
rest_framework,33.61%
rows,28.57%
rq,50.00%
sacred,14.28%
sqlite_utils,0.00%
sslyze,35.93%
stellar,50.00%
sumy,13.89%
threatingestor,23.33%
trackerjacker,100.00%
trailscraper,14.58%
twilio,18.67%
twitter,23.33%
twtxt,43.75%
viztracer,12.50%
wal_e,15.28%
whereami,0.00%
wikipediaapi,44.23%
ydata_profiling,10.10%
zulipterminal,23.91%
zxcvbn,45.24%
overall,17.08%
