project,expected_tasks,completed_tasks,errors,exact_dr10,exact_dr15,exact_dr20,relaxed_dr10,relaxed_dr15,relaxed_dr20
Communications/IMAPClient,31,31,0,0.03878648233486943,0.03878648233486943,0.03878648233486943,0.053302611367127495,0.053302611367127495,0.053302611367127495
Communications/PySimpleSOAP,2,2,0,0.0,0.0,0.0,0.0,0.0,0.0
Communications/Wikipedia-API,13,13,0,0.10256410256410256,0.10256410256410256,0.10256410256410256,0.10256410256410256,0.10256410256410256,0.10256410256410256
Communications/chatette,14,14,0,0.0,0.0,0.0,0.0,0.0,0.0
Communications/ehforwarderbot,5,5,0,0.0,0.0,0.0,0.12000000000000002,0.12000000000000002,0.12000000000000002
Communications/hbmqtt,2,2,0,0.0,0.0,0.0,0.0,0.0,0.0
Communications/hl7,7,7,0,0.0,0.0,0.0,0.0,0.0,0.0
Communications/twilio-fatisar,25,25,0,0.19466666666666665,0.19466666666666665,0.19466666666666665,0.22266666666666665,0.22266666666666665,0.22266666666666665
Communications/twtxt,8,8,0,0.0,0.0,0.0,0.10416666666666666,0.10416666666666666,0.10416666666666666
Communications/zulip-term,32,32,0,0.08984375,0.08984375,0.08984375,0.12630208333333334,0.12630208333333334,0.12630208333333334
Database/alembic,50,50,0,0.06733712486344065,0.07233712486344065,0.07233712486344065,0.13486093438725016,0.13986093438725017,0.14236093438725017
Database/asyncpg,1,1,0,0.0,0.0,0.0,0.0,0.0,0.0
Database/awesome-autodl,2,2,0,0.0,0.0,0.0,0.0,0.0,0.0
Database/bplustree,14,14,0,0.0,0.0,0.0,0.027326839826839828,0.027326839826839828,0.027326839826839828
Database/csvs-to-sqlite,1,1,0,0.0,0.0,0.0,0.0,0.0,0.0
Database/datasette,31,31,0,0.0,0.0,0.0,0.016129032258064516,0.016129032258064516,0.016129032258064516
Database/happybase,1,1,0,0.0,0.0,0.0,0.0,0.0,0.0
Database/litecli,4,4,0,0.0,0.0,0.0,0.0,0.0,0.0
Database/mongoengine,1,1,0,0.0,0.0,0.0,0.0,0.0,0.0
Database/mssql-cli,16,16,0,0.05273719336219336,0.05273719336219336,0.05273719336219336,0.32109487734487735,0.32109487734487735,0.32109487734487735
Database/sqlite-utils,2,2,0,0.0,0.0,0.0,0.5,0.5,0.5
Internet/Authlib,7,7,0,0.0,0.0,0.0,0.0,0.0,0.0
Internet/Jinja2,13,13,0,0.02564102564102564,0.02564102564102564,0.02564102564102564,0.10256410256410256,0.10256410256410256,0.10256410256410256
Internet/boto,117,117,0,0.17336182336182338,0.17336182336182338,0.1762108262108262,0.19134106634106635,0.2038156288156288,0.20666463166463164
Internet/databases,1,1,0,0.0,0.0,0.0,0.0,0.0,0.0
Internet/djangorestframework,24,24,0,0.03819444444444444,0.03819444444444444,0.03819444444444444,0.05902777777777777,0.05902777777777777,0.05902777777777777
Internet/falcon,40,40,0,0.0,0.0,0.0,0.0125,0.0125,0.0125
Internet/google-api-python-client,9,9,0,0.27946127946127947,0.27946127946127947,0.27946127946127947,0.2895622895622896,0.2895622895622896,0.2895622895622896
Internet/python-twitter,3,3,0,0.16666666666666666,0.16666666666666666,0.16666666666666666,0.16666666666666666,0.16666666666666666,0.16666666666666666
Internet/sumy,24,24,0,0.0,0.0,0.0,0.0625,0.0625,0.0625
Multimedia/Mopidy,37,37,0,0.05575768075768076,0.07227419727419727,0.07227419727419727,0.17150034650034648,0.18801686301686302,0.18801686301686302
Multimedia/gif-for-cli,1,1,0,0.0,0.0,0.0,0.0,0.0,0.0
Multimedia/hypertools,2,2,0,0.0,0.0,0.0,0.0,0.0,0.0
Multimedia/mingus,45,45,0,0.05820105820105819,0.05820105820105819,0.05820105820105819,0.10783068783068785,0.10783068783068785,0.10783068783068785
Scientific-Engineering/bentoml,30,30,0,0.0,0.0,0.0,0.028333333333333332,0.028333333333333332,0.028333333333333332
Scientific-Engineering/csvkit,2,2,0,0.0,0.0,0.0,0.0,0.0,0.0
Scientific-Engineering/diffusers,2,2,0,0.0,0.0,0.0,0.0,0.0,0.0
Scientific-Engineering/folium,2,2,0,0.0,0.0,0.0,0.0,0.0,0.0
Scientific-Engineering/lux,2,2,0,0.0,0.0,0.0,0.05,0.05,0.05
Scientific-Engineering/rq,1,1,0,0.0,0.0,0.0,0.0,0.0,0.0
Security/asyncssh,11,11,0,0.0,0.0,0.0,0.14242424242424245,0.14242424242424245,0.14242424242424245
Security/barf,12,12,0,0.0,0.0,0.0,0.16666666666666666,0.16666666666666666,0.16666666666666666
Security/diffprivlib,26,26,0,0.16408007197480884,0.16610436347278454,0.16610436347278454,0.20979532163742692,0.21181961313540262,0.21181961313540262
Security/msticpy,19,19,0,0.0,0.0,0.0,0.0,0.0,0.0
Security/oletools,8,8,0,0.0,0.0,0.0,0.005681818181818182,0.005681818181818182,0.005681818181818182
Security/passpie,2,2,0,0.0,0.0,0.0,0.0,0.0,0.0
Security/principalmapper,2,2,0,0.0,0.0,0.0,0.0,0.0,0.0
Security/pyOpenSSL,1,1,0,0.0,0.0,0.0,1.0,1.0,1.0
Security/pycoin,18,18,0,0.0,0.0,0.0,0.05555555555555555,0.05555555555555555,0.05555555555555555
Security/python-taint,6,6,0,0.13888888888888887,0.13888888888888887,0.13888888888888887,0.3055555555555555,0.3055555555555555,0.3055555555555555
Security/threatingestor,3,3,0,0.0,0.0,0.0,0.0,0.0,0.0
Security/trailscraper,8,8,0,0.0,0.0,0.0,0.0,0.0,0.0
Security/zxcvbn-python,14,14,0,0.014285714285714287,0.014285714285714287,0.014285714285714287,0.2785714285714286,0.2785714285714286,0.2785714285714286
Software-Development/Faker,7,7,0,0.17857142857142858,0.17857142857142858,0.17857142857142858,0.21428571428571427,0.21428571428571427,0.21428571428571427
Software-Development/PySnooper,1,1,0,0.0,0.0,0.0,0.0,0.0,0.0
Software-Development/backtrader,1,1,0,0.0,0.0,0.0,0.0,0.0,0.0
Software-Development/dash,14,14,0,0.0,0.0,0.0,0.0,0.0,0.0
Software-Development/discord-py,5,5,0,0.16666666666666666,0.16666666666666666,0.16666666666666666,0.2333333333333333,0.2333333333333333,0.2333333333333333
Software-Development/pandas-profiling,11,11,0,0.06818181818181818,0.06818181818181818,0.06818181818181818,0.11363636363636363,0.11363636363636363,0.11363636363636363
Software-Development/peewee,10,10,0,0.0,0.0,0.0,0.0,0.0,0.0
System/exodus-bundler,13,13,0,0.021978021978021976,0.021978021978021976,0.021978021978021976,0.2252747252747253,0.2252747252747253,0.2252747252747253
System/flower,1,1,0,0.0,0.0,0.0,0.0,0.0,0.0
System/fs,24,24,0,0.0,0.0,0.0,0.0,0.0,0.0
System/mrjob,90,90,0,0.07768518518518518,0.07768518518518518,0.07768518518518518,0.12834656084656085,0.12834656084656085,0.13945767195767192
System/prometheus-client,5,5,0,0.03333333333333333,0.03333333333333333,0.03333333333333333,0.03333333333333333,0.03333333333333333,0.03333333333333333
System/sslyze,9,9,0,0.0,0.0,0.0,0.0,0.0,0.0
System/trackerjacker,1,1,0,0.0,0.0,0.0,0.0,0.0,0.0
System/viztracer,5,5,0,0.0,0.0,0.0,0.0,0.0,0.0
System/wal-e,6,6,0,0.020833333333333332,0.020833333333333332,0.020833333333333332,0.0625,0.0625,0.0625
Text-Processing/PyLaTeX,2,2,0,0.2,0.2,0.2,0.3,0.3,0.3
Text-Processing/dominate,3,3,0,0.0,0.0,0.0,0.0,0.0,0.0
Text-Processing/feedparser,3,3,0,0.0,0.0,0.0,0.0,0.0,0.0
Text-Processing/mistune,2,2,0,0.0,0.0,0.0,0.0,0.0,0.0
Text-Processing/online-judge-tools,3,3,0,0.08333333333333333,0.08333333333333333,0.08333333333333333,0.08333333333333333,0.08333333333333333,0.08333333333333333
Text-Processing/parsel,1,1,0,0.0,0.0,0.0,0.0,0.0,0.0
Text-Processing/pycorrector,4,4,0,0.0,0.0,0.0,0.0,0.0,0.0
Text-Processing/pymorphy2,2,2,0,0.0,0.0,0.0,0.0,0.0,0.0
Text-Processing/python-benedict,3,3,0,0.0,0.0,0.0,0.0,0.0,0.0
Text-Processing/rows,7,7,0,0.0,0.0,0.0,0.0,0.0,0.0
Utilities/PyJWT,5,5,0,0.11666666666666665,0.11666666666666665,0.11666666666666665,0.11666666666666665,0.11666666666666665,0.11666666666666665
Utilities/boltons,81,81,0,0.0,0.0,0.0,0.024074074074074074,0.024074074074074074,0.024074074074074074
Utilities/gunicorn,14,14,0,0.0,0.0,0.0,0.0,0.0,0.0
Utilities/jc,6,6,0,0.0,0.0,0.0,0.0787037037037037,0.0787037037037037,0.0787037037037037
Utilities/mackup,5,5,0,0.0,0.0,0.0,0.0,0.0,0.0
Utilities/mmcv,2,2,0,0.0,0.0,0.0,0.0,0.0,0.0
Utilities/praw,12,12,0,0.0,0.0,0.0,0.0,0.0,0.0
Utilities/pymusic-dl,2,2,0,0.0,0.0,0.0,0.0,0.0,0.0
Utilities/sacred,30,30,0,0.0,0.0,0.0,0.03333333333333333,0.03333333333333333,0.03333333333333333
Utilities/stellar,1,1,0,0.0,0.0,0.0,0.0,0.0,0.0
Utilities/whereami,1,1,0,0.0,0.0,0.0,0.0,0.0,0.0
