category,project,project_root,output_dir,status,reason,total_functions,total_features,description_issue_features,description_fallback_features,description_issue_feature_ids,start_time,end_time,duration_seconds
Communications,IMAPClient,<benchmark_root>/DevEval_no_tests/Source_Code/Communications/IMAPClient/imapclient,<external_root>/testRepoSummaryOut/DevEval/Communications/IMAPClient,success,,198,30,0,0,[],2026-03-26T12:11:39,2026-03-26T12:13:03,83.865
Communications,PySimpleSOAP,<benchmark_root>/DevEval_no_tests/Source_Code/Communications/PySimpleSOAP/pysimplesoap,<external_root>/testRepoSummaryOut/DevEval/Communications/PySimpleSOAP,success,,115,24,0,0,[],2026-03-26T12:13:03,2026-03-26T12:14:16,72.945
Communications,Wikipedia-API,<benchmark_root>/DevEval_no_tests/Source_Code/Communications/Wikipedia-API/wikipediaapi,<external_root>/testRepoSummaryOut/DevEval/Communications/Wikipedia-API,success,,48,6,0,0,[],2026-03-26T14:37:06,2026-03-26T14:37:44,37.509
Communications,aioxmpp,<benchmark_root>/DevEval_no_tests/Source_Code/Communications/aioxmpp/aioxmpp,<external_root>/testRepoSummaryOut/DevEval/Communications/aioxmpp,success,,1949,310,0,0,[],2026-03-26T11:51:40,2026-03-26T12:03:02,682.751
Communications,chatette,<benchmark_root>/DevEval_no_tests/Source_Code/Communications/chatette/chatette,<external_root>/testRepoSummaryOut/DevEval/Communications/chatette,success,,448,93,0,0,[],2026-03-26T12:03:02,2026-03-26T12:06:11,189.032
Communications,ehforwarderbot,<benchmark_root>/DevEval_no_tests/Source_Code/Communications/ehforwarderbot/ehforwarderbot,<external_root>/testRepoSummaryOut/DevEval/Communications/ehforwarderbot,success,,200,45,0,0,[],2026-03-26T12:06:11,2026-03-26T12:07:57,105.928
Communications,hbmqtt,<benchmark_root>/DevEval_no_tests/Source_Code/Communications/hbmqtt/hbmqtt,<external_root>/testRepoSummaryOut/DevEval/Communications/hbmqtt,success,,394,79,0,0,[],2026-03-26T12:07:57,2026-03-26T12:10:39,161.681
Communications,hl7,<benchmark_root>/DevEval_no_tests/Source_Code/Communications/hl7/hl7,<external_root>/testRepoSummaryOut/DevEval/Communications/hl7,success,,111,20,0,0,[],2026-03-26T12:10:39,2026-03-26T12:11:39,59.905
Communications,twilio-fatisar,<benchmark_root>/DevEval_no_tests/Source_Code/Communications/twilio-fatisar/twilio,<external_root>/testRepoSummaryOut/DevEval/Communications/twilio-fatisar,success,,12949,2370,0,0,[],2026-03-26T12:51:51,2026-03-26T14:36:08,6257.79
Communications,twtxt,<benchmark_root>/DevEval_no_tests/Source_Code/Communications/twtxt/twtxt,<external_root>/testRepoSummaryOut/DevEval/Communications/twtxt,success,,102,19,0,0,[],2026-03-26T14:36:08,2026-03-26T14:37:06,57.681
Communications,zulip-term,<benchmark_root>/DevEval_no_tests/Source_Code/Communications/zulip-term/zulipterminal,<external_root>/testRepoSummaryOut/DevEval/Communications/zulip-term,success,,379,85,0,0,[],2026-03-26T14:37:44,2026-03-26T14:40:49,185.956
Database,alembic,<benchmark_root>/DevEval_no_tests/Source_Code/Database/alembic/alembic,<external_root>/testRepoSummaryOut/DevEval/Database/alembic,success,,1133,243,0,0,[],2026-03-26T14:40:49,2026-03-26T14:48:00,430.869
Database,arctic-latest,<benchmark_root>/DevEval_no_tests/Source_Code/Database/arctic-latest/arctic,<external_root>/testRepoSummaryOut/DevEval/Database/arctic-latest,success,,518,117,0,0,[],2026-03-26T14:48:00,2026-03-26T14:54:39,398.682
Database,asyncpg,<benchmark_root>/DevEval_no_tests/Source_Code/Database/asyncpg/asyncpg,<external_root>/testRepoSummaryOut/DevEval/Database/asyncpg,success,,432,94,0,0,[],2026-03-26T14:54:39,2026-03-26T14:57:44,184.835
Database,awesome-autodl,<benchmark_root>/DevEval_no_tests/Source_Code/Database/awesome-autodl/awesome_autodl,<external_root>/testRepoSummaryOut/DevEval/Database/awesome-autodl,success,,31,7,0,0,[],2026-03-26T14:57:44,2026-03-26T14:58:20,36.313
Database,bplustree,<benchmark_root>/DevEval_no_tests/Source_Code/Database/bplustree/bplustree,<external_root>/testRepoSummaryOut/DevEval/Database/bplustree,success,,128,20,0,0,[],2026-03-26T14:58:20,2026-03-26T14:59:23,62.868
Database,csvs-to-sqlite,<benchmark_root>/DevEval_no_tests/Source_Code/Database/csvs-to-sqlite/csvs_to_sqlite,<external_root>/testRepoSummaryOut/DevEval/Database/csvs-to-sqlite,success,,23,3,0,0,[],2026-03-26T14:59:23,2026-03-26T15:00:01,38.169
Database,datasette,<benchmark_root>/DevEval_no_tests/Source_Code/Database/datasette/datasette,<external_root>/testRepoSummaryOut/DevEval/Database/datasette,success,,460,119,0,0,[],2026-03-26T15:00:01,2026-03-26T15:03:54,232.714
Database,happybase,<benchmark_root>/DevEval_no_tests/Source_Code/Database/happybase/aiohappybase,<external_root>/testRepoSummaryOut/DevEval/Database/happybase,success,,66,10,0,0,[],2026-03-26T15:03:54,2026-03-26T15:04:45,51.066
Database,litecli,<benchmark_root>/DevEval_no_tests/Source_Code/Database/litecli/litecli,<external_root>/testRepoSummaryOut/DevEval/Database/litecli,success,,175,45,0,0,[],2026-03-26T15:04:45,2026-03-26T15:06:32,107.128
Database,mongo-doc-manager,<benchmark_root>/DevEval_no_tests/Source_Code/Database/mongo-doc-manager/mongo_connector,<external_root>/testRepoSummaryOut/DevEval/Database/mongo-doc-manager,success,,226,38,0,0,[],2026-03-26T15:06:32,2026-03-26T15:08:14,101.507
Database,mongoengine,<benchmark_root>/DevEval_no_tests/Source_Code/Database/mongoengine/mongoengine,<external_root>/testRepoSummaryOut/DevEval/Database/mongoengine,success,,565,84,0,0,[],2026-03-26T15:08:14,2026-03-26T15:11:33,199.351
Database,mssql-cli,<benchmark_root>/DevEval_no_tests/Source_Code/Database/mssql-cli/mssqlcli,<external_root>/testRepoSummaryOut/DevEval/Database/mssql-cli,success,,364,74,0,0,[],2026-03-26T15:11:33,2026-03-26T15:14:18,165.232
Database,sqlite-utils,<benchmark_root>/DevEval_no_tests/Source_Code/Database/sqlite-utils/sqlite_utils,<external_root>/testRepoSummaryOut/DevEval/Database/sqlite-utils,success,,234,54,0,0,[],2026-03-26T15:14:18,2026-03-26T15:16:30,131.323
Internet,Authlib,<benchmark_root>/DevEval_no_tests/Source_Code/Internet/Authlib/authlib,<external_root>/testRepoSummaryOut/DevEval/Internet/Authlib,success,,1120,233,0,0,[],2026-03-26T15:16:30,2026-03-26T15:24:44,494.591
Internet,Jinja2,<benchmark_root>/DevEval_no_tests/Source_Code/Internet/Jinja2/src/jinja2,<external_root>/testRepoSummaryOut/DevEval/Internet/Jinja2,success,,764,165,0,0,[],2026-03-26T16:30:10,2026-03-26T16:36:21,371.866
Internet,boto,<benchmark_root>/DevEval_no_tests/Source_Code/Internet/boto/boto,<external_root>/testRepoSummaryOut/DevEval/Internet/boto,success,,5271,1015,0,0,[],2026-03-26T15:24:44,2026-03-26T16:07:50,2585.731
Internet,databases,<benchmark_root>/DevEval_no_tests/Source_Code/Internet/databases/databases,<external_root>/testRepoSummaryOut/DevEval/Internet/databases,success,,199,36,0,0,[],2026-03-26T16:07:50,2026-03-26T16:17:04,554.067
Internet,djangorestframework,<benchmark_root>/DevEval_no_tests/Source_Code/Internet/djangorestframework/rest_framework,<external_root>/testRepoSummaryOut/DevEval/Internet/djangorestframework,success,,946,151,0,0,[],2026-03-26T16:17:04,2026-03-26T16:22:30,325.862
Internet,djangorestframework-simplejwt,<benchmark_root>/DevEval_no_tests/Source_Code/Internet/djangorestframework-simplejwt/rest_framework_simplejwt,<external_root>/testRepoSummaryOut/DevEval/Internet/djangorestframework-simplejwt,success,,102,22,0,0,[],2026-03-26T16:22:30,2026-03-26T16:23:26,55.718
Internet,falcon,<benchmark_root>/DevEval_no_tests/Source_Code/Internet/falcon/falcon,<external_root>/testRepoSummaryOut/DevEval/Internet/falcon,success,,828,158,0,0,[],2026-03-26T16:23:26,2026-03-26T16:28:52,326.167
Internet,google-api-python-client,<benchmark_root>/DevEval_no_tests/Source_Code/Internet/google-api-python-client/googleapiclient,<external_root>/testRepoSummaryOut/DevEval/Internet/google-api-python-client,success,,189,24,0,0,[],2026-03-26T16:28:52,2026-03-26T16:30:10,77.949
Internet,proxybroker,<benchmark_root>/DevEval_no_tests/Source_Code/Internet/proxybroker/proxybroker,<external_root>/testRepoSummaryOut/DevEval/Internet/proxybroker,success,,159,23,0,0,[],2026-03-26T16:36:21,2026-03-26T16:37:33,71.792
Internet,python-twitter,<benchmark_root>/DevEval_no_tests/Source_Code/Internet/python-twitter/twitter,<external_root>/testRepoSummaryOut/DevEval/Internet/python-twitter,success,,182,34,0,0,[],2026-03-26T16:37:33,2026-03-26T16:39:00,87.064
Internet,sumy,<benchmark_root>/DevEval_no_tests/Source_Code/Internet/sumy/sumy,<external_root>/testRepoSummaryOut/DevEval/Internet/sumy,success,,252,54,0,0,[],2026-03-26T16:39:00,2026-03-26T16:41:00,119.731
Multimedia,Mopidy,<benchmark_root>/DevEval_no_tests/Source_Code/Multimedia/Mopidy/mopidy,<external_root>/testRepoSummaryOut/DevEval/Multimedia/Mopidy,success,,657,104,0,0,[],2026-03-26T16:46:34,2026-03-26T16:50:38,243.822
Multimedia,gif-for-cli,<benchmark_root>/DevEval_no_tests/Source_Code/Multimedia/gif-for-cli/gif_for_cli,<external_root>/testRepoSummaryOut/DevEval/Multimedia/gif-for-cli,success,,32,5,0,0,[],2026-03-26T16:41:00,2026-03-26T16:41:43,42.805
Multimedia,hypertools,<benchmark_root>/DevEval_no_tests/Source_Code/Multimedia/hypertools/hypertools,<external_root>/testRepoSummaryOut/DevEval/Multimedia/hypertools,success,,123,23,0,0,[],2026-03-26T16:41:43,2026-03-26T16:43:02,78.792
Multimedia,mingus,<benchmark_root>/DevEval_no_tests/Source_Code/Multimedia/mingus/mingus,<external_root>/testRepoSummaryOut/DevEval/Multimedia/mingus,success,,606,96,0,0,[],2026-03-26T16:43:02,2026-03-26T16:46:34,212.676
Multimedia,psd-tools,<benchmark_root>/DevEval_no_tests/Source_Code/Multimedia/psd-tools/src/psd_tools,<external_root>/testRepoSummaryOut/DevEval/Multimedia/psd-tools,success,,1063,204,0,0,[],2026-03-26T16:50:38,2026-03-26T16:57:03,384.951
Scientific-Engineering,TPOT,<benchmark_root>/DevEval_no_tests/Source_Code/Scientific-Engineering/TPOT/tpot,<external_root>/testRepoSummaryOut/DevEval/Scientific-Engineering/TPOT,success,,145,30,0,0,[],2026-03-26T18:08:01,2026-03-26T18:09:16,74.665
Scientific-Engineering,bentoml,<benchmark_root>/DevEval_no_tests/Source_Code/Scientific-Engineering/bentoml/src/bentoml,<external_root>/testRepoSummaryOut/DevEval/Scientific-Engineering/bentoml,success,,1720,379,0,0,[],2026-03-26T16:57:03,2026-03-26T17:09:02,719.127
Scientific-Engineering,csvkit,<benchmark_root>/DevEval_no_tests/Source_Code/Scientific-Engineering/csvkit/csvkit,<external_root>/testRepoSummaryOut/DevEval/Scientific-Engineering/csvkit,success,,138,22,0,0,[],2026-03-26T17:09:02,2026-03-26T17:10:20,77.648
Scientific-Engineering,cupy,<benchmark_root>/DevEval_no_tests/Source_Code/Scientific-Engineering/cupy/cupy,<external_root>/testRepoSummaryOut/DevEval/Scientific-Engineering/cupy,success,,1082,178,0,0,[],2026-03-26T17:10:20,2026-03-26T17:17:29,428.772
Scientific-Engineering,datasets,<benchmark_root>/DevEval_no_tests/Source_Code/Scientific-Engineering/datasets/src/datasets,<external_root>/testRepoSummaryOut/DevEval/Scientific-Engineering/datasets,success,,1630,299,0,0,[],2026-03-26T17:17:29,2026-03-26T17:28:31,661.988
Scientific-Engineering,diffusers,<benchmark_root>/DevEval_no_tests/Source_Code/Scientific-Engineering/diffusers/src/diffusers,<external_root>/testRepoSummaryOut/DevEval/Scientific-Engineering/diffusers,success,,3286,333,0,0,[],2026-03-26T17:28:31,2026-03-26T17:45:36,1025.755
Scientific-Engineering,folium,<benchmark_root>/DevEval_no_tests/Source_Code/Scientific-Engineering/folium/folium,<external_root>/testRepoSummaryOut/DevEval/Scientific-Engineering/folium,success,,165,33,0,0,[],2026-03-26T17:45:36,2026-03-26T17:46:53,76.56
Scientific-Engineering,lux,<benchmark_root>/DevEval_no_tests/Source_Code/Scientific-Engineering/lux/lux,<external_root>/testRepoSummaryOut/DevEval/Scientific-Engineering/lux,success,,374,88,0,0,[],2026-03-26T17:46:53,2026-03-26T17:50:12,198.548
Scientific-Engineering,pymc,<benchmark_root>/DevEval_no_tests/Source_Code/Scientific-Engineering/pymc/pymc,<external_root>/testRepoSummaryOut/DevEval/Scientific-Engineering/pymc,success,,1895,383,0,0,[],2026-03-26T17:50:12,2026-03-26T18:04:14,842.229
Scientific-Engineering,rq,<benchmark_root>/DevEval_no_tests/Source_Code/Scientific-Engineering/rq/rq,<external_root>/testRepoSummaryOut/DevEval/Scientific-Engineering/rq,success,,445,105,0,0,[],2026-03-26T18:04:14,2026-03-26T18:08:01,227.419
Scientific-Engineering,wandb,<benchmark_root>/DevEval_no_tests/Source_Code/Scientific-Engineering/wandb/wandb,<external_root>/testRepoSummaryOut/DevEval/Scientific-Engineering/wandb,success,,7363,1653,0,0,[],2026-03-26T18:09:16,2026-03-26T19:06:58,3462.639
Security,asyncssh,<benchmark_root>/DevEval_no_tests/Source_Code/Security/asyncssh/asyncssh,<external_root>/testRepoSummaryOut/DevEval/Security/asyncssh,success,,2202,345,0,0,[],2026-03-26T19:06:58,2026-03-26T19:20:56,837.099
Security,barf,<benchmark_root>/DevEval_no_tests/Source_Code/Security/barf/barf,<external_root>/testRepoSummaryOut/DevEval/Security/barf,success,,1390,247,0,0,[],2026-03-26T19:20:56,2026-03-26T19:28:14,438.465
Security,diffprivlib,<benchmark_root>/DevEval_no_tests/Source_Code/Security/diffprivlib/diffprivlib,<external_root>/testRepoSummaryOut/DevEval/Security/diffprivlib,success,,280,56,0,0,[],2026-03-26T19:28:14,2026-03-26T19:30:12,117.679
Security,msticpy,<benchmark_root>/DevEval_no_tests/Source_Code/Security/msticpy/msticpy,<external_root>/testRepoSummaryOut/DevEval/Security/msticpy,success,,2395,577,0,0,[],2026-03-26T19:30:12,2026-03-26T19:49:08,1136.338
Security,oletools,<benchmark_root>/DevEval_no_tests/Source_Code/Security/oletools/oletools,<external_root>/testRepoSummaryOut/DevEval/Security/oletools,success,,671,144,0,0,[],2026-03-26T19:49:08,2026-03-26T19:53:37,268.802
Security,passpie,<benchmark_root>/DevEval_no_tests/Source_Code/Security/passpie/passpie,<external_root>/testRepoSummaryOut/DevEval/Security/passpie,success,,114,27,0,0,[],2026-03-26T19:53:37,2026-03-26T19:54:41,64.027
Security,principalmapper,<benchmark_root>/DevEval_no_tests/Source_Code/Security/principalmapper/principalmapper,<external_root>/testRepoSummaryOut/DevEval/Security/principalmapper,success,,214,31,0,0,[],2026-03-26T19:54:41,2026-03-26T19:56:17,95.982
Security,pyOpenSSL,<benchmark_root>/DevEval_no_tests/Source_Code/Security/pyOpenSSL/src/OpenSSL,<external_root>/testRepoSummaryOut/DevEval/Security/pyOpenSSL,success,,303,73,0,0,[],2026-03-26T20:03:38,2026-03-26T20:06:07,148.993
Security,pycoin,<benchmark_root>/DevEval_no_tests/Source_Code/Security/pycoin/pycoin,<external_root>/testRepoSummaryOut/DevEval/Security/pycoin,success,,1025,201,0,0,[],2026-03-26T19:56:17,2026-03-26T20:03:38,440.86
Security,python-taint,<benchmark_root>/DevEval_no_tests/Source_Code/Security/python-taint/pyt,<external_root>/testRepoSummaryOut/DevEval/Security/python-taint,success,,307,61,0,0,[],2026-03-27T00:14:29,2026-03-27T00:16:20,111.037
Security,threatingestor,<benchmark_root>/DevEval_no_tests/Source_Code/Security/threatingestor/threatingestor,<external_root>/testRepoSummaryOut/DevEval/Security/threatingestor,success,,151,38,0,0,[],2026-03-27T00:16:20,2026-03-27T00:17:39,79.692
Security,trailscraper,<benchmark_root>/DevEval_no_tests/Source_Code/Security/trailscraper/trailscraper,<external_root>/testRepoSummaryOut/DevEval/Security/trailscraper,success,,83,16,0,0,[],2026-03-27T00:17:39,2026-03-27T00:18:23,43.383
Security,zxcvbn-python,<benchmark_root>/DevEval_no_tests/Source_Code/Security/zxcvbn-python/zxcvbn,<external_root>/testRepoSummaryOut/DevEval/Security/zxcvbn-python,success,,50,11,0,0,[],2026-03-27T00:18:23,2026-03-27T00:19:02,38.891
Software-Development,Django,<benchmark_root>/DevEval_no_tests/Source_Code/Software-Development/Django/django,<external_root>/testRepoSummaryOut/DevEval/Software-Development/Django,success,,8814,1813,0,0,[],2026-03-26T20:39:19,2026-03-26T21:52:36,4397.488
Software-Development,Faker,<benchmark_root>/DevEval_no_tests/Source_Code/Software-Development/Faker/faker,<external_root>/testRepoSummaryOut/DevEval/Software-Development/Faker,success,,1370,197,0,0,[],2026-03-26T21:52:36,2026-03-26T22:01:08,512.136
Software-Development,PySnooper,<benchmark_root>/DevEval_no_tests/Source_Code/Software-Development/PySnooper/pysnooper,<external_root>/testRepoSummaryOut/DevEval/Software-Development/PySnooper,success,,56,7,0,0,[],2026-03-26T22:09:05,2026-03-26T22:09:46,40.293
Software-Development,albumentations,<benchmark_root>/DevEval_no_tests/Source_Code/Software-Development/albumentations/albumentations,<external_root>/testRepoSummaryOut/DevEval/Software-Development/albumentations,success,,846,126,0,0,[],2026-03-27T00:19:02,2026-03-27T00:23:06,244.671
Software-Development,backtrader,<benchmark_root>/DevEval_no_tests/Source_Code/Software-Development/backtrader/backtrader,<external_root>/testRepoSummaryOut/DevEval/Software-Development/backtrader,success,,1518,268,0,0,[],2026-03-27T00:23:06,2026-03-27T00:34:06,659.983
Software-Development,dash,<benchmark_root>/DevEval_no_tests/Source_Code/Software-Development/dash/dash,<external_root>/testRepoSummaryOut/DevEval/Software-Development/dash,success,,744,186,0,0,[],2026-03-26T20:13:38,2026-03-26T20:19:34,356.025
Software-Development,discord-py,<benchmark_root>/DevEval_no_tests/Source_Code/Software-Development/discord-py/discord,<external_root>/testRepoSummaryOut/DevEval/Software-Development/discord-py,success,,3411,495,0,0,[],2026-03-26T20:19:34,2026-03-26T20:39:19,1185.184
Software-Development,pandas-profiling,<benchmark_root>/DevEval_no_tests/Source_Code/Software-Development/pandas-profiling/src/ydata_profiling,<external_root>/testRepoSummaryOut/DevEval/Software-Development/pandas-profiling,success,,603,103,0,0,[],2026-03-26T22:01:08,2026-03-26T22:04:44,215.344
Software-Development,peewee,<benchmark_root>/DevEval_no_tests/Source_Code/Software-Development/peewee/playhouse,<external_root>/testRepoSummaryOut/DevEval/Software-Development/peewee,success,,639,138,0,0,[],2026-03-26T22:04:44,2026-03-26T22:09:05,261.464
Software-Development,ydata-profiling,<benchmark_root>/DevEval_no_tests/Source_Code/Software-Development/ydata-profiling/src/ydata_profiling,<external_root>/testRepoSummaryOut/DevEval/Software-Development/ydata-profiling,success,,603,103,0,0,[],2026-03-26T22:09:46,2026-03-26T22:15:56,370.904
System,exodus-bundler,<benchmark_root>/DevEval_no_tests/Source_Code/System/exodus-bundler/src/exodus_bundler,<external_root>/testRepoSummaryOut/DevEval/System/exodus-bundler,success,,63,12,0,0,[],2026-03-26T22:15:56,2026-03-26T22:16:39,42.575
System,flower,<benchmark_root>/DevEval_no_tests/Source_Code/System/flower/flower,<external_root>/testRepoSummaryOut/DevEval/System/flower,success,,150,28,0,0,[],2026-03-26T22:16:39,2026-03-26T22:17:49,70.304
System,fs,<benchmark_root>/DevEval_no_tests/Source_Code/System/fs/fs,<external_root>/testRepoSummaryOut/DevEval/System/fs,success,,818,152,0,0,[],2026-03-26T22:17:49,2026-03-26T22:24:35,406.092
System,mrjob,<benchmark_root>/DevEval_no_tests/Source_Code/System/mrjob/mrjob,<external_root>/testRepoSummaryOut/DevEval/System/mrjob,success,,1227,280,0,0,[],2026-03-26T22:24:35,2026-03-26T22:33:01,505.481
System,prometheus-client,<benchmark_root>/DevEval_no_tests/Source_Code/System/prometheus-client/prometheus_client,<external_root>/testRepoSummaryOut/DevEval/System/prometheus-client,success,,249,37,0,0,[],2026-03-26T22:33:01,2026-03-26T22:34:36,94.589
System,sshuttle,<benchmark_root>/DevEval_no_tests/Source_Code/System/sshuttle/sshuttle,<external_root>/testRepoSummaryOut/DevEval/System/sshuttle,success,,260,53,0,0,[],2026-03-26T22:34:36,2026-03-26T22:36:45,129.789
System,sslyze,<benchmark_root>/DevEval_no_tests/Source_Code/System/sslyze/sslyze,<external_root>/testRepoSummaryOut/DevEval/System/sslyze,success,,230,33,0,0,[],2026-03-26T22:36:45,2026-03-26T22:38:40,114.633
System,trackerjacker,<benchmark_root>/DevEval_no_tests/Source_Code/System/trackerjacker/trackerjacker,<external_root>/testRepoSummaryOut/DevEval/System/trackerjacker,success,,101,14,0,0,[],2026-03-26T22:38:40,2026-03-26T22:39:27,47.351
System,viztracer,<benchmark_root>/DevEval_no_tests/Source_Code/System/viztracer/src/viztracer,<external_root>/testRepoSummaryOut/DevEval/System/viztracer,success,,261,64,0,0,[],2026-03-26T22:39:27,2026-03-26T22:41:58,151.07
System,wal-e,<benchmark_root>/DevEval_no_tests/Source_Code/System/wal-e/wal_e,<external_root>/testRepoSummaryOut/DevEval/System/wal-e,success,,399,90,0,0,[],2026-03-26T22:41:58,2026-03-26T22:44:46,168.109
Text-Processing,PyLaTeX,<benchmark_root>/DevEval_no_tests/Source_Code/Text-Processing/PyLaTeX/pylatex,<external_root>/testRepoSummaryOut/DevEval/Text-Processing/PyLaTeX,success,,184,31,0,0,[],2026-03-26T22:57:00,2026-03-26T22:58:22,81.559
Text-Processing,dominate,<benchmark_root>/DevEval_no_tests/Source_Code/Text-Processing/dominate/dominate,<external_root>/testRepoSummaryOut/DevEval/Text-Processing/dominate,success,,59,13,0,0,[],2026-03-26T22:44:46,2026-03-26T22:45:48,61.729
Text-Processing,feedparser,<benchmark_root>/DevEval_no_tests/Source_Code/Text-Processing/feedparser/feedparser,<external_root>/testRepoSummaryOut/DevEval/Text-Processing/feedparser,success,,286,48,0,0,[],2026-03-26T22:45:48,2026-03-26T22:47:58,129.462
Text-Processing,mistune,<benchmark_root>/DevEval_no_tests/Source_Code/Text-Processing/mistune/src/mistune,<external_root>/testRepoSummaryOut/DevEval/Text-Processing/mistune,success,,308,62,0,0,[],2026-03-26T22:47:58,2026-03-26T22:50:13,135.287
Text-Processing,natasha,<benchmark_root>/DevEval_no_tests/Source_Code/Text-Processing/natasha/natasha,<external_root>/testRepoSummaryOut/DevEval/Text-Processing/natasha,success,,143,32,0,0,[],2026-03-26T22:50:13,2026-03-26T22:51:17,64.244
Text-Processing,online-judge-tools,<benchmark_root>/DevEval_no_tests/Source_Code/Text-Processing/online-judge-tools/onlinejudge_command,<external_root>/testRepoSummaryOut/DevEval/Text-Processing/online-judge-tools,success,,134,24,0,0,[],2026-03-26T22:51:17,2026-03-26T22:52:25,67.432
Text-Processing,parsel,<benchmark_root>/DevEval_no_tests/Source_Code/Text-Processing/parsel/parsel,<external_root>/testRepoSummaryOut/DevEval/Text-Processing/parsel,success,,68,11,0,0,[],2026-03-26T22:52:25,2026-03-26T22:53:04,39.131
Text-Processing,pycorrector,<benchmark_root>/DevEval_no_tests/Source_Code/Text-Processing/pycorrector/pycorrector,<external_root>/testRepoSummaryOut/DevEval/Text-Processing/pycorrector,success,,434,101,0,0,[],2026-03-26T22:53:04,2026-03-26T22:57:00,236.714
Text-Processing,pymorphy2,<benchmark_root>/DevEval_no_tests/Source_Code/Text-Processing/pymorphy2/pymorphy2,<external_root>/testRepoSummaryOut/DevEval/Text-Processing/pymorphy2,success,,280,47,0,0,[],2026-03-26T22:58:22,2026-03-26T23:00:49,147.087
Text-Processing,python-benedict,<benchmark_root>/DevEval_no_tests/Source_Code/Text-Processing/python-benedict/benedict,<external_root>/testRepoSummaryOut/DevEval/Text-Processing/python-benedict,success,,344,48,0,0,[],2026-03-26T23:00:49,2026-03-26T23:02:37,107.869
Text-Processing,rows,<benchmark_root>/DevEval_no_tests/Source_Code/Text-Processing/rows/rows,<external_root>/testRepoSummaryOut/DevEval/Text-Processing/rows,success,,254,51,0,0,[],2026-03-26T23:02:37,2026-03-26T23:04:15,98.312
Text-Processing,xmnlp,<benchmark_root>/DevEval_no_tests/Source_Code/Text-Processing/xmnlp/xmnlp,<external_root>/testRepoSummaryOut/DevEval/Text-Processing/xmnlp,success,,78,18,0,0,[],2026-03-26T23:04:15,2026-03-26T23:05:00,44.634
Utilities,PyJWT,<benchmark_root>/DevEval_no_tests/Source_Code/Utilities/PyJWT/jwt,<external_root>/testRepoSummaryOut/DevEval/Utilities/PyJWT,success,,116,20,0,0,[],2026-03-27T00:00:07,2026-03-27T00:01:03,55.636
Utilities,boltons,<benchmark_root>/DevEval_no_tests/Source_Code/Utilities/boltons/boltons,<external_root>/testRepoSummaryOut/DevEval/Utilities/boltons,success,,898,188,0,0,[],2026-03-26T23:05:00,2026-03-26T23:10:40,340.384
Utilities,gunicorn,<benchmark_root>/DevEval_no_tests/Source_Code/Utilities/gunicorn/gunicorn,<external_root>/testRepoSummaryOut/DevEval/Utilities/gunicorn,success,,413,78,0,0,[],2026-03-26T23:10:40,2026-03-26T23:37:52,1631.579
Utilities,jc,<benchmark_root>/DevEval_no_tests/Source_Code/Utilities/jc/jc,<external_root>/testRepoSummaryOut/DevEval/Utilities/jc,success,,1301,312,0,0,[],2026-03-26T23:37:52,2026-03-26T23:47:33,580.955
Utilities,mackup,<benchmark_root>/DevEval_no_tests/Source_Code/Utilities/mackup/mackup,<external_root>/testRepoSummaryOut/DevEval/Utilities/mackup,success,,50,8,0,0,[],2026-03-26T23:47:33,2026-03-26T23:48:05,31.957
Utilities,mmcv,<benchmark_root>/DevEval_no_tests/Source_Code/Utilities/mmcv/mmcv,<external_root>/testRepoSummaryOut/DevEval/Utilities/mmcv,success,,783,95,0,0,[],2026-03-26T23:48:05,2026-03-26T23:54:43,397.824
Utilities,praw,<benchmark_root>/DevEval_no_tests/Source_Code/Utilities/praw/praw,<external_root>/testRepoSummaryOut/DevEval/Utilities/praw,success,,722,144,0,0,[],2026-03-26T23:54:43,2026-03-27T00:00:07,324.318
Utilities,pymusic-dl,<benchmark_root>/DevEval_no_tests/Source_Code/Utilities/pymusic-dl/music_dl,<external_root>/testRepoSummaryOut/DevEval/Utilities/pymusic-dl,success,,68,10,0,0,[],2026-03-27T00:01:03,2026-03-27T00:01:47,44.708
Utilities,pytube,<benchmark_root>/DevEval_no_tests/Source_Code/Utilities/pytube/pytube,<external_root>/testRepoSummaryOut/DevEval/Utilities/pytube,success,,270,55,0,0,[],2026-03-27T00:01:49,2026-03-27T00:03:51,121.786
Utilities,sacred,<benchmark_root>/DevEval_no_tests/Source_Code/Utilities/sacred/sacred,<external_root>/testRepoSummaryOut/DevEval/Utilities/sacred,success,,568,131,0,0,[],2026-03-27T00:03:51,2026-03-27T00:07:41,230.103
Utilities,stellar,<benchmark_root>/DevEval_no_tests/Source_Code/Utilities/stellar/stellar,<external_root>/testRepoSummaryOut/DevEval/Utilities/stellar,success,,53,8,0,0,[],2026-03-27T00:07:41,2026-03-27T00:08:17,36.034
Utilities,whereami,<benchmark_root>/DevEval_no_tests/Source_Code/Utilities/whereami/whereami,<external_root>/testRepoSummaryOut/DevEval/Utilities/whereami,success,,24,3,0,0,[],2026-03-27T00:08:17,2026-03-27T00:08:43,25.685
Utilities,python-for-android,<benchmark_root>/DevEval_no_tests/Source_Code/Utilities/python-for-android/pythonforandroid,<external_root>/testRepoSummaryOut/DevEval/Utilities/python-for-android,failed,FileNotFoundError: [Errno 2] No such file or directory: '<external_root>/testRepoSummaryOut/DevEval/Utilities/python-for-android/methods.csv',0,0,0,0,[],2026-03-27T18:39:32,2026-03-27T18:39:33,1.679

统计完成（按你给的 3 组 skip 项目过滤后）：

- total_functions 总和： 64223
- total_features 总和： 11946
- 平均每个 feature 关联 function 数（ sum(total_functions) / sum(total_features) ）： 5.3761091579 （约 5.38 ）
附带信息：

- 保留项目（行）数：90
- 跳过项目（行）数：19
- 在该 CSV 中实际出现并被跳过的项目数：19