project_name,metric_type,k,P,R,F1,match,pred,gt,tasks
chatette,unixcoder,5,0.11458333333333333,0.13414634146341464,0.12359550561797754,11,96,82,22
chatette,unixcoder,10,0.06341463414634146,0.15853658536585366,0.09059233449477351,13,205,82,22
chatette,unixcoder,15,0.05396825396825397,0.2073170731707317,0.08564231738035265,17,315,82,22
chatette,unixcoder,20,0.04470588235294118,0.23170731707317074,0.07495069033530573,19,425,82,22
ehforwarderbot,unixcoder,5,0.45,0.45,0.45,9,20,20,5
ehforwarderbot,unixcoder,10,0.26666666666666666,0.6,0.36923076923076925,12,45,20,5
ehforwarderbot,unixcoder,15,0.17142857142857143,0.6,0.26666666666666666,12,70,20,5
ehforwarderbot,unixcoder,20,0.1368421052631579,0.65,0.22608695652173913,13,95,20,5
hbmqtt,unixcoder,5,0.08333333333333333,0.5,0.14285714285714285,1,12,2,3
hbmqtt,unixcoder,10,0.037037037037037035,0.5,0.06896551724137931,1,27,2,3
hbmqtt,unixcoder,15,0.047619047619047616,1.0,0.0909090909090909,2,42,2,3
hbmqtt,unixcoder,20,0.03508771929824561,1.0,0.06779661016949151,2,57,2,3
hl7,unixcoder,5,0.39285714285714285,0.5,0.44,11,28,22,7
hl7,unixcoder,10,0.1746031746031746,0.5,0.2588235294117647,11,63,22,7
hl7,unixcoder,15,0.11224489795918367,0.5,0.18333333333333332,11,98,22,7
hl7,unixcoder,20,0.09022556390977443,0.5454545454545454,0.15483870967741933,12,133,22,7
IMAPClient,unixcoder,5,0.16666666666666666,0.18032786885245902,0.1732283464566929,22,132,122,33
IMAPClient,unixcoder,10,0.12457912457912458,0.30327868852459017,0.17661097852028643,37,297,122,33
IMAPClient,unixcoder,15,0.09523809523809523,0.36065573770491804,0.1506849315068493,44,462,122,33
IMAPClient,unixcoder,20,0.07017543859649122,0.36065573770491804,0.11748998664886515,44,627,122,33
PySimpleSOAP,unixcoder,5,0.75,0.6666666666666666,0.7058823529411765,6,8,9,2
PySimpleSOAP,unixcoder,10,0.3888888888888889,0.7777777777777778,0.5185185185185185,7,18,9,2
PySimpleSOAP,unixcoder,15,0.25,0.7777777777777778,0.3783783783783784,7,28,9,2
PySimpleSOAP,unixcoder,20,0.18421052631578946,0.7777777777777778,0.2978723404255319,7,38,9,2
twilio-fatisar,unixcoder,5,0.03076923076923077,0.057971014492753624,0.04020100502512562,4,130,69,30
twilio-fatisar,unixcoder,10,0.017857142857142856,0.07246376811594203,0.028653295128939826,5,280,69,30
twilio-fatisar,unixcoder,15,0.020930232558139535,0.13043478260869565,0.036072144288577156,9,430,69,30
twilio-fatisar,unixcoder,20,0.015544041450777202,0.13043478260869565,0.027777777777777776,9,579,69,30
twtxt,unixcoder,5,0.25,0.47058823529411764,0.32653061224489793,8,32,17,8
twtxt,unixcoder,10,0.1388888888888889,0.5882352941176471,0.22471910112359547,10,72,17,8
twtxt,unixcoder,15,0.08928571428571429,0.5882352941176471,0.15503875968992248,10,112,17,8
twtxt,unixcoder,20,0.06578947368421052,0.5882352941176471,0.11834319526627217,10,152,17,8
Wikipedia-API,unixcoder,5,0.06153846153846154,0.08163265306122448,0.07017543859649124,4,65,49,13
Wikipedia-API,unixcoder,10,0.038461538461538464,0.10204081632653061,0.0558659217877095,5,130,49,13
Wikipedia-API,unixcoder,15,0.03076923076923077,0.12244897959183673,0.049180327868852465,6,195,49,13
Wikipedia-API,unixcoder,20,0.038461538461538464,0.20408163265306123,0.06472491909385114,10,260,49,13
zulip-term,unixcoder,5,0.19863013698630136,0.29591836734693877,0.23770491803278687,29,146,98,36
zulip-term,unixcoder,10,0.12345679012345678,0.40816326530612246,0.1895734597156398,40,324,98,36
zulip-term,unixcoder,15,0.08928571428571429,0.45918367346938777,0.14950166112956811,45,504,98,36
zulip-term,unixcoder,20,0.07456140350877193,0.5204081632653061,0.13043478260869565,51,684,98,36
alembic,unixcoder,5,0.14084507042253522,0.11811023622047244,0.12847965738758033,30,213,254,51
alembic,unixcoder,10,0.08602150537634409,0.15748031496062992,0.11126564673157163,40,465,254,51
alembic,unixcoder,15,0.06944444444444445,0.1968503937007874,0.10266940451745381,50,720,254,51
alembic,unixcoder,20,0.059670781893004114,0.2283464566929134,0.09461663947797716,58,972,254,51
asyncpg,unixcoder,5,0.0,0.0,0.0,0,5,1,1
asyncpg,unixcoder,10,0.0,0.0,0.0,0,10,1,1
asyncpg,unixcoder,15,0.0,0.0,0.0,0,15,1,1
asyncpg,unixcoder,20,0.0,0.0,0.0,0,20,1,1
awesome-autodl,unixcoder,5,0.2,1.0,0.33333333333333337,2,10,2,2
awesome-autodl,unixcoder,10,0.1,1.0,0.18181818181818182,2,20,2,2
awesome-autodl,unixcoder,15,0.06666666666666667,1.0,0.125,2,30,2,2
awesome-autodl,unixcoder,20,0.05,1.0,0.09523809523809523,2,40,2,2
bplustree,unixcoder,5,0.4868421052631579,0.44047619047619047,0.4625,37,76,84,19
bplustree,unixcoder,10,0.27485380116959063,0.5595238095238095,0.3686274509803921,47,171,84,19
bplustree,unixcoder,15,0.18421052631578946,0.5833333333333334,0.27999999999999997,49,266,84,19
bplustree,unixcoder,20,0.14958448753462603,0.6428571428571429,0.24269662921348312,54,361,84,19
csvs-to-sqlite,unixcoder,5,0.125,0.3333333333333333,0.18181818181818182,1,8,3,2
csvs-to-sqlite,unixcoder,10,0.1111111111111111,0.6666666666666666,0.1904761904761905,2,18,3,2
csvs-to-sqlite,unixcoder,15,0.07142857142857142,0.6666666666666666,0.12903225806451613,2,28,3,2
csvs-to-sqlite,unixcoder,20,0.05263157894736842,0.6666666666666666,0.09756097560975609,2,38,3,2
datasette,unixcoder,5,0.05319148936170213,0.06896551724137931,0.06006006006006006,10,188,145,42
datasette,unixcoder,10,0.0327455919395466,0.0896551724137931,0.047970479704797044,13,397,145,42
datasette,unixcoder,15,0.029654036243822075,0.12413793103448276,0.047872340425531915,18,607,145,42
datasette,unixcoder,20,0.025703794369645042,0.14482758620689656,0.043659043659043655,21,817,145,42
happybase,unixcoder,5,0.0,0.0,0.0,0,12,1,3
happybase,unixcoder,10,0.0,0.0,0.0,0,27,1,3
happybase,unixcoder,15,0.0,0.0,0.0,0,42,1,3
happybase,unixcoder,20,0.0,0.0,0.0,0,57,1,3
litecli,unixcoder,5,0.2,0.5,0.28571428571428575,4,20,8,5
litecli,unixcoder,10,0.13333333333333333,0.75,0.22641509433962267,6,45,8,5
litecli,unixcoder,15,0.08571428571428572,0.75,0.15384615384615383,6,70,8,5
litecli,unixcoder,20,0.07368421052631578,0.875,0.13592233009708737,7,95,8,5
mongoengine,unixcoder,5,0.0,0.0,0.0,0,4,1,1
mongoengine,unixcoder,10,0.1111111111111111,1.0,0.19999999999999998,1,9,1,1
mongoengine,unixcoder,15,0.07142857142857142,1.0,0.13333333333333333,1,14,1,1
mongoengine,unixcoder,20,0.05263157894736842,1.0,0.1,1,19,1,1
mssql-cli,unixcoder,5,0.4,0.4383561643835616,0.41830065359477125,32,80,73,20
mssql-cli,unixcoder,10,0.23333333333333334,0.5753424657534246,0.33201581027667987,42,180,73,20
mssql-cli,unixcoder,15,0.17142857142857143,0.6575342465753424,0.27195467422096314,48,280,73,20
mssql-cli,unixcoder,20,0.12894736842105264,0.6712328767123288,0.2163355408388521,49,380,73,20
sqlite-utils,unixcoder,5,0.0,0.0,0.0,0,28,2,7
sqlite-utils,unixcoder,10,0.015873015873015872,0.5,0.03076923076923077,1,63,2,7
sqlite-utils,unixcoder,15,0.01020408163265306,0.5,0.019999999999999997,1,98,2,7
sqlite-utils,unixcoder,20,0.007518796992481203,0.5,0.014814814814814812,1,133,2,7
Authlib,unixcoder,5,0.022222222222222223,0.0625,0.03278688524590164,1,45,16,11
Authlib,unixcoder,10,0.010101010101010102,0.0625,0.01739130434782609,1,99,16,11
Authlib,unixcoder,15,0.012987012987012988,0.125,0.023529411764705882,2,154,16,11
Authlib,unixcoder,20,0.009569377990430622,0.125,0.017777777777777778,2,209,16,11
boto,unixcoder,5,0.16853932584269662,0.23316062176165803,0.1956521739130435,90,534,386,121
boto,unixcoder,10,0.1066079295154185,0.3134715025906736,0.15910585141354372,121,1135,386,121
boto,unixcoder,15,0.08400460299194476,0.37823834196891193,0.1374764595103578,146,1738,386,121
boto,unixcoder,20,0.06959863364645602,0.422279792746114,0.11950146627565982,163,2342,386,121
databases,unixcoder,5,0.0,0.0,0.0,0,4,2,1
databases,unixcoder,10,0.0,0.0,0.0,0,9,2,1
databases,unixcoder,15,0.0,0.0,0.0,0,14,2,1
databases,unixcoder,20,0.0,0.0,0.0,0,19,2,1
djangorestframework,unixcoder,5,0.23148148148148148,0.3333333333333333,0.273224043715847,25,108,75,27
djangorestframework,unixcoder,10,0.11522633744855967,0.37333333333333335,0.17610062893081763,28,243,75,27
djangorestframework,unixcoder,15,0.09523809523809523,0.48,0.15894039735099336,36,378,75,27
djangorestframework,unixcoder,20,0.07407407407407407,0.5066666666666667,0.12925170068027209,38,513,75,27
falcon,unixcoder,5,0.15816326530612246,0.22962962962962963,0.18731117824773413,31,196,135,49
falcon,unixcoder,10,0.10884353741496598,0.35555555555555557,0.16666666666666666,48,441,135,49
falcon,unixcoder,15,0.09475218658892129,0.48148148148148145,0.15834348355663824,65,686,135,49
falcon,unixcoder,20,0.07411385606874328,0.5111111111111111,0.1294559099437148,69,931,135,49
google-api-python-client,unixcoder,5,0.125,0.15625,0.1388888888888889,5,40,32,10
google-api-python-client,unixcoder,10,0.06666666666666667,0.1875,0.09836065573770493,6,90,32,10
google-api-python-client,unixcoder,15,0.06428571428571428,0.28125,0.10465116279069767,9,140,32,10
google-api-python-client,unixcoder,20,0.04736842105263158,0.28125,0.08108108108108109,9,190,32,10
Jinja2,unixcoder,5,0.19117647058823528,0.2765957446808511,0.2260869565217391,13,68,47,17
Jinja2,unixcoder,10,0.11764705882352941,0.3829787234042553,0.17999999999999997,18,153,47,17
Jinja2,unixcoder,15,0.09243697478991597,0.46808510638297873,0.1543859649122807,22,238,47,17
Jinja2,unixcoder,20,0.06811145510835913,0.46808510638297873,0.11891891891891891,22,323,47,17
python-twitter,unixcoder,5,0.0,0.0,0.0,0,12,9,3
python-twitter,unixcoder,10,0.0,0.0,0.0,0,27,9,3
python-twitter,unixcoder,15,0.0,0.0,0.0,0,42,9,3
python-twitter,unixcoder,20,0.0,0.0,0.0,0,57,9,3
sumy,unixcoder,5,0.10655737704918032,0.2,0.1390374331550802,13,122,65,30
sumy,unixcoder,10,0.06985294117647059,0.2923076923076923,0.11275964391691394,19,272,65,30
sumy,unixcoder,15,0.06398104265402843,0.4153846153846154,0.1108829568788501,27,422,65,30
sumy,unixcoder,20,0.05244755244755245,0.46153846153846156,0.09419152276295134,30,572,65,30
gif-for-cli,unixcoder,5,0.0,0.0,0.0,0,20,2,5
gif-for-cli,unixcoder,10,0.0,0.0,0.0,0,45,2,5
gif-for-cli,unixcoder,15,0.0,0.0,0.0,0,70,2,5
gif-for-cli,unixcoder,20,0.0,0.0,0.0,0,95,2,5
hypertools,unixcoder,5,0.3181818181818182,0.6666666666666666,0.43076923076923074,14,44,21,11
hypertools,unixcoder,10,0.16161616161616163,0.7619047619047619,0.26666666666666666,16,99,21,11
hypertools,unixcoder,15,0.1038961038961039,0.7619047619047619,0.18285714285714288,16,154,21,11
hypertools,unixcoder,20,0.08133971291866028,0.8095238095238095,0.14782608695652172,17,209,21,11
mingus,unixcoder,5,0.09859154929577464,0.15328467153284672,0.12,21,213,137,52
mingus,unixcoder,10,0.06991525423728813,0.24087591240875914,0.1083743842364532,33,472,137,52
mingus,unixcoder,15,0.0546448087431694,0.291970802919708,0.09205983889528194,40,732,137,52
mingus,unixcoder,20,0.04334677419354839,0.31386861313868614,0.07617360496014172,43,992,137,52
Mopidy,unixcoder,5,0.2358974358974359,0.26285714285714284,0.24864864864864863,46,195,175,47
Mopidy,unixcoder,10,0.13986013986013987,0.34285714285714286,0.19867549668874174,60,429,175,47
Mopidy,unixcoder,15,0.10391566265060241,0.3942857142857143,0.16448152562574492,69,664,175,47
Mopidy,unixcoder,20,0.0867630700778643,0.44571428571428573,0.1452513966480447,78,899,175,47
bentoml,unixcoder,5,0.10240963855421686,0.1619047619047619,0.12546125461254612,17,166,105,39
bentoml,unixcoder,10,0.05307262569832402,0.18095238095238095,0.08207343412526999,19,358,105,39
bentoml,unixcoder,15,0.038181818181818185,0.2,0.06412213740458016,21,550,105,39
bentoml,unixcoder,20,0.03355704697986577,0.23809523809523808,0.0588235294117647,25,745,105,39
csvkit,unixcoder,5,0.058823529411764705,0.125,0.07999999999999999,1,17,8,4
csvkit,unixcoder,10,0.05405405405405406,0.25,0.08888888888888889,2,37,8,4
csvkit,unixcoder,15,0.03508771929824561,0.25,0.061538461538461535,2,57,8,4
csvkit,unixcoder,20,0.03896103896103896,0.375,0.07058823529411765,3,77,8,4
diffusers,unixcoder,5,0.0,0.0,0.0,0,10,4,2
diffusers,unixcoder,10,0.0,0.0,0.0,0,20,4,2
diffusers,unixcoder,15,0.0,0.0,0.0,0,30,4,2
diffusers,unixcoder,20,0.0,0.0,0.0,0,40,4,2
folium,unixcoder,5,0.0,0.0,0.0,0,12,5,3
folium,unixcoder,10,0.0,0.0,0.0,0,27,5,3
folium,unixcoder,15,0.023809523809523808,0.2,0.0425531914893617,1,42,5,3
folium,unixcoder,20,0.03508771929824561,0.4,0.06451612903225806,2,57,5,3
lux,unixcoder,5,0.4444444444444444,0.36363636363636365,0.39999999999999997,4,9,11,2
lux,unixcoder,10,0.21052631578947367,0.36363636363636365,0.26666666666666666,4,19,11,2
lux,unixcoder,15,0.13793103448275862,0.36363636363636365,0.2,4,29,11,2
lux,unixcoder,20,0.10256410256410256,0.36363636363636365,0.16,4,39,11,2
rq,unixcoder,5,0.0,0.0,0.0,0,4,2,1
rq,unixcoder,10,0.0,0.0,0.0,0,9,2,1
rq,unixcoder,15,0.0,0.0,0.0,0,14,2,1
rq,unixcoder,20,0.0,0.0,0.0,0,19,2,1
asyncssh,unixcoder,5,0.3333333333333333,0.42105263157894735,0.372093023255814,16,48,38,12
asyncssh,unixcoder,10,0.1574074074074074,0.4473684210526316,0.23287671232876714,17,108,38,12
asyncssh,unixcoder,15,0.11904761904761904,0.5263157894736842,0.1941747572815534,20,168,38,12
asyncssh,unixcoder,20,0.08771929824561403,0.5263157894736842,0.15037593984962408,20,228,38,12
barf,unixcoder,5,0.3333333333333333,0.48484848484848486,0.3950617283950617,16,48,33,12
barf,unixcoder,10,0.17592592592592593,0.5757575757575758,0.2695035460992908,19,108,33,12
barf,unixcoder,15,0.125,0.6363636363636364,0.208955223880597,21,168,33,12
barf,unixcoder,20,0.09210526315789473,0.6363636363636364,0.16091954022988506,21,228,33,12
diffprivlib,unixcoder,5,0.14516129032258066,0.1565217391304348,0.15062761506276154,18,124,115,30
diffprivlib,unixcoder,10,0.12867647058823528,0.30434782608695654,0.18087855297157623,35,272,115,30
diffprivlib,unixcoder,15,0.0971563981042654,0.3565217391304348,0.1527001862197393,41,422,115,30
diffprivlib,unixcoder,20,0.07342657342657342,0.3652173913043478,0.1222707423580786,42,572,115,30
msticpy,unixcoder,5,0.20430107526881722,0.2676056338028169,0.23170731707317072,19,93,71,22
msticpy,unixcoder,10,0.13131313131313133,0.36619718309859156,0.19330855018587362,26,198,71,22
msticpy,unixcoder,15,0.1038961038961039,0.4507042253521127,0.16886543535620055,32,308,71,22
msticpy,unixcoder,20,0.07655502392344497,0.4507042253521127,0.13087934560327197,32,418,71,22
oletools,unixcoder,5,0.40625,0.1780821917808219,0.2476190476190476,13,32,73,8
oletools,unixcoder,10,0.2777777777777778,0.273972602739726,0.27586206896551724,20,72,73,8
oletools,unixcoder,15,0.17857142857142858,0.273972602739726,0.2162162162162162,20,112,73,8
oletools,unixcoder,20,0.13815789473684212,0.2876712328767123,0.1866666666666667,21,152,73,8
passpie,unixcoder,5,0.125,0.5,0.2,1,8,2,2
passpie,unixcoder,10,0.05555555555555555,0.5,0.09999999999999999,1,18,2,2
passpie,unixcoder,15,0.03571428571428571,0.5,0.06666666666666667,1,28,2,2
passpie,unixcoder,20,0.02631578947368421,0.5,0.05,1,38,2,2
principalmapper,unixcoder,5,0.0,0.0,0.0,0,8,5,2
principalmapper,unixcoder,10,0.0,0.0,0.0,0,18,5,2
principalmapper,unixcoder,15,0.0,0.0,0.0,0,28,5,2
principalmapper,unixcoder,20,0.02631578947368421,0.2,0.046511627906976744,1,38,5,2
pycoin,unixcoder,5,0.14074074074074075,0.5428571428571428,0.2235294117647059,19,135,35,33
pycoin,unixcoder,10,0.07407407407407407,0.6285714285714286,0.13253012048192772,22,297,35,33
pycoin,unixcoder,15,0.047619047619047616,0.6285714285714286,0.08853118712273642,22,462,35,33
pycoin,unixcoder,20,0.03668261562998405,0.6571428571428571,0.06948640483383686,23,627,35,33
pyOpenSSL,unixcoder,5,0.25,1.0,0.4,1,4,1,1
pyOpenSSL,unixcoder,10,0.1111111111111111,1.0,0.19999999999999998,1,9,1,1
pyOpenSSL,unixcoder,15,0.07142857142857142,1.0,0.13333333333333333,1,14,1,1
pyOpenSSL,unixcoder,20,0.05263157894736842,1.0,0.1,1,19,1,1
python-taint,unixcoder,5,0.21428571428571427,0.46153846153846156,0.2926829268292683,6,28,13,7
python-taint,unixcoder,10,0.14285714285714285,0.6923076923076923,0.2368421052631579,9,63,13,7
python-taint,unixcoder,15,0.09183673469387756,0.6923076923076923,0.16216216216216217,9,98,13,7
python-taint,unixcoder,20,0.07518796992481203,0.7692307692307693,0.136986301369863,10,133,13,7
threatingestor,unixcoder,5,0.3076923076923077,0.5,0.380952380952381,4,13,8,3
threatingestor,unixcoder,10,0.17857142857142858,0.625,0.2777777777777778,5,28,8,3
threatingestor,unixcoder,15,0.11627906976744186,0.625,0.19607843137254904,5,43,8,3
threatingestor,unixcoder,20,0.08620689655172414,0.625,0.15151515151515152,5,58,8,3
trailscraper,unixcoder,5,0.13636363636363635,0.24,0.17391304347826086,6,44,25,11
trailscraper,unixcoder,10,0.16161616161616163,0.64,0.25806451612903225,16,99,25,11
trailscraper,unixcoder,15,0.1038961038961039,0.64,0.17877094972067037,16,154,25,11
trailscraper,unixcoder,20,0.0861244019138756,0.72,0.15384615384615385,18,209,25,11
zxcvbn-python,unixcoder,5,0.1780821917808219,0.2826086956521739,0.21848739495798317,13,73,46,18
zxcvbn-python,unixcoder,10,0.11728395061728394,0.41304347826086957,0.18269230769230768,19,162,46,18
zxcvbn-python,unixcoder,15,0.08333333333333333,0.45652173913043476,0.14093959731543623,21,252,46,18
zxcvbn-python,unixcoder,20,0.07017543859649122,0.5217391304347826,0.12371134020618557,24,342,46,18
backtrader,unixcoder,5,0.0,0.0,0.0,0,4,24,1
backtrader,unixcoder,10,0.0,0.0,0.0,0,9,24,1
backtrader,unixcoder,15,0.0,0.0,0.0,0,14,24,1
backtrader,unixcoder,20,0.9473684210526315,0.75,0.8372093023255814,18,19,24,1
dash,unixcoder,5,0.1111111111111111,0.24242424242424243,0.15238095238095237,8,72,33,18
dash,unixcoder,10,0.09259259259259259,0.45454545454545453,0.15384615384615383,15,162,33,18
dash,unixcoder,15,0.06349206349206349,0.48484848484848486,0.11228070175438595,16,252,33,18
dash,unixcoder,20,0.049707602339181284,0.5151515151515151,0.09066666666666667,17,342,33,18
discord-py,unixcoder,5,0.10344827586206896,0.375,0.16216216216216217,3,29,8,7
discord-py,unixcoder,10,0.046875,0.375,0.08333333333333333,3,64,8,7
discord-py,unixcoder,15,0.04040404040404041,0.5,0.07476635514018691,4,99,8,7
discord-py,unixcoder,20,0.029850746268656716,0.5,0.056338028169014086,4,134,8,7
Faker,unixcoder,5,0.042105263157894736,0.3076923076923077,0.07407407407407407,4,95,13,21
Faker,unixcoder,10,0.02,0.3076923076923077,0.03755868544600939,4,200,13,21
Faker,unixcoder,15,0.013114754098360656,0.3076923076923077,0.025157232704402514,4,305,13,21
Faker,unixcoder,20,0.00975609756097561,0.3076923076923077,0.018912529550827423,4,410,13,21
pandas-profiling,unixcoder,5,0.0851063829787234,0.11428571428571428,0.09756097560975609,4,47,35,11
pandas-profiling,unixcoder,10,0.0594059405940594,0.17142857142857143,0.08823529411764705,6,101,35,11
pandas-profiling,unixcoder,15,0.04516129032258064,0.2,0.07368421052631578,7,155,35,11
pandas-profiling,unixcoder,20,0.0380952380952381,0.22857142857142856,0.0653061224489796,8,210,35,11
peewee,unixcoder,5,0.25925925925925924,0.5185185185185185,0.345679012345679,14,54,27,13
peewee,unixcoder,10,0.14285714285714285,0.6296296296296297,0.23287671232876708,17,119,27,13
peewee,unixcoder,15,0.09782608695652174,0.6666666666666666,0.17061611374407584,18,184,27,13
peewee,unixcoder,20,0.07228915662650602,0.6666666666666666,0.13043478260869565,18,249,27,13
PySnooper,unixcoder,5,0.0,0.0,0.0,0,12,1,3
PySnooper,unixcoder,10,0.0,0.0,0.0,0,27,1,3
PySnooper,unixcoder,15,0.0,0.0,0.0,0,42,1,3
PySnooper,unixcoder,20,0.0,0.0,0.0,0,57,1,3
exodus-bundler,unixcoder,5,0.125,0.27586206896551724,0.17204301075268816,8,64,29,16
exodus-bundler,unixcoder,10,0.0763888888888889,0.3793103448275862,0.1271676300578035,11,144,29,16
exodus-bundler,unixcoder,15,0.06696428571428571,0.5172413793103449,0.11857707509881424,15,224,29,16
exodus-bundler,unixcoder,20,0.05921052631578947,0.6206896551724138,0.1081081081081081,18,304,29,16
flower,unixcoder,5,0.05555555555555555,0.5,0.09999999999999999,1,18,2,4
flower,unixcoder,10,0.02631578947368421,0.5,0.05,1,38,2,4
flower,unixcoder,15,0.017241379310344827,0.5,0.03333333333333333,1,58,2,4
flower,unixcoder,20,0.01282051282051282,0.5,0.025,1,78,2,4
fs,unixcoder,5,0.06557377049180328,0.1951219512195122,0.09815950920245399,8,122,41,31
fs,unixcoder,10,0.039711191335740074,0.2682926829268293,0.06918238993710692,11,277,41,31
fs,unixcoder,15,0.032407407407407406,0.34146341463414637,0.05919661733615222,14,432,41,31
fs,unixcoder,20,0.034071550255536626,0.4878048780487805,0.06369426751592355,20,587,41,31
mrjob,unixcoder,5,0.15566037735849056,0.2796610169491525,0.19999999999999998,66,424,236,105
mrjob,unixcoder,10,0.0897571277719113,0.3601694915254237,0.1437024513947591,85,947,236,105
mrjob,unixcoder,15,0.06861413043478261,0.4279661016949153,0.11826697892271663,101,1472,236,105
mrjob,unixcoder,20,0.05658487731597396,0.4788135593220339,0.1012091356918943,113,1997,236,105
prometheus-client,unixcoder,5,0.35,0.3888888888888889,0.36842105263157887,7,20,18,5
prometheus-client,unixcoder,10,0.15555555555555556,0.3888888888888889,0.22222222222222218,7,45,18,5
prometheus-client,unixcoder,15,0.11428571428571428,0.4444444444444444,0.1818181818181818,8,70,18,5
prometheus-client,unixcoder,20,0.08421052631578947,0.4444444444444444,0.14159292035398227,8,95,18,5
sslyze,unixcoder,5,0.125,0.17857142857142858,0.14705882352941174,5,40,28,10
sslyze,unixcoder,10,0.05555555555555555,0.17857142857142858,0.0847457627118644,5,90,28,10
sslyze,unixcoder,15,0.03571428571428571,0.17857142857142858,0.05952380952380952,5,140,28,10
sslyze,unixcoder,20,0.02631578947368421,0.17857142857142858,0.04587155963302752,5,190,28,10
trackerjacker,unixcoder,5,0.25,1.0,0.4,1,4,1,1
trackerjacker,unixcoder,10,0.1111111111111111,1.0,0.19999999999999998,1,9,1,1
trackerjacker,unixcoder,15,0.07142857142857142,1.0,0.13333333333333333,1,14,1,1
trackerjacker,unixcoder,20,0.05263157894736842,1.0,0.1,1,19,1,1
viztracer,unixcoder,5,0.09523809523809523,0.11764705882352941,0.10526315789473684,2,21,17,5
viztracer,unixcoder,10,0.06666666666666667,0.17647058823529413,0.09677419354838708,3,45,17,5
viztracer,unixcoder,15,0.04285714285714286,0.17647058823529413,0.06896551724137932,3,70,17,5
viztracer,unixcoder,20,0.05263157894736842,0.29411764705882354,0.08928571428571429,5,95,17,5
wal-e,unixcoder,5,0.3409090909090909,0.625,0.4411764705882353,15,44,24,11
wal-e,unixcoder,10,0.1717171717171717,0.7083333333333334,0.2764227642276423,17,99,24,11
wal-e,unixcoder,15,0.12987012987012986,0.8333333333333334,0.2247191011235955,20,154,24,11
wal-e,unixcoder,20,0.09569377990430622,0.8333333333333334,0.17167381974248927,20,209,24,11
dominate,unixcoder,5,0.16666666666666666,1.0,0.2857142857142857,4,24,4,6
dominate,unixcoder,10,0.07407407407407407,1.0,0.13793103448275862,4,54,4,6
dominate,unixcoder,15,0.047619047619047616,1.0,0.0909090909090909,4,84,4,6
dominate,unixcoder,20,0.03508771929824561,1.0,0.06779661016949151,4,114,4,6
feedparser,unixcoder,5,0.1875,0.6,0.2857142857142857,3,16,5,4
feedparser,unixcoder,10,0.08333333333333333,0.6,0.14634146341463414,3,36,5,4
feedparser,unixcoder,15,0.05357142857142857,0.6,0.0983606557377049,3,56,5,4
feedparser,unixcoder,20,0.039473684210526314,0.6,0.07407407407407407,3,76,5,4
mistune,unixcoder,5,0.14285714285714285,0.42857142857142855,0.21428571428571427,3,21,7,5
mistune,unixcoder,10,0.06521739130434782,0.42857142857142855,0.11320754716981131,3,46,7,5
mistune,unixcoder,15,0.056338028169014086,0.5714285714285714,0.10256410256410255,4,71,7,5
mistune,unixcoder,20,0.041666666666666664,0.5714285714285714,0.07766990291262137,4,96,7,5
online-judge-tools,unixcoder,5,0.08333333333333333,0.05,0.0625,1,12,20,3
online-judge-tools,unixcoder,10,0.14814814814814814,0.2,0.1702127659574468,4,27,20,3
online-judge-tools,unixcoder,15,0.09523809523809523,0.2,0.12903225806451613,4,42,20,3
online-judge-tools,unixcoder,20,0.07017543859649122,0.2,0.10389610389610389,4,57,20,3
parsel,unixcoder,5,0.0,0.0,0.0,0,12,1,3
parsel,unixcoder,10,0.0,0.0,0.0,0,27,1,3
parsel,unixcoder,15,0.023809523809523808,1.0,0.046511627906976744,1,42,1,3
parsel,unixcoder,20,0.017543859649122806,1.0,0.034482758620689655,1,57,1,3
pycorrector,unixcoder,5,0.08333333333333333,0.15384615384615385,0.10810810810810811,2,24,13,6
pycorrector,unixcoder,10,0.07407407407407407,0.3076923076923077,0.11940298507462686,4,54,13,6
pycorrector,unixcoder,15,0.05952380952380952,0.38461538461538464,0.10309278350515462,5,84,13,6
pycorrector,unixcoder,20,0.05263157894736842,0.46153846153846156,0.09448818897637794,6,114,13,6
PyLaTeX,unixcoder,5,0.375,0.42857142857142855,0.39999999999999997,3,8,7,2
PyLaTeX,unixcoder,10,0.2222222222222222,0.5714285714285714,0.32,4,18,7,2
PyLaTeX,unixcoder,15,0.14285714285714285,0.5714285714285714,0.2285714285714286,4,28,7,2
PyLaTeX,unixcoder,20,0.10526315789473684,0.5714285714285714,0.17777777777777778,4,38,7,2
pymorphy2,unixcoder,5,0.0,0.0,0.0,0,8,2,2
pymorphy2,unixcoder,10,0.0,0.0,0.0,0,18,2,2
pymorphy2,unixcoder,15,0.0,0.0,0.0,0,28,2,2
pymorphy2,unixcoder,20,0.0,0.0,0.0,0,38,2,2
python-benedict,unixcoder,5,0.125,0.5,0.2,2,16,4,4
python-benedict,unixcoder,10,0.05555555555555555,0.5,0.09999999999999999,2,36,4,4
python-benedict,unixcoder,15,0.03571428571428571,0.5,0.06666666666666667,2,56,4,4
python-benedict,unixcoder,20,0.02631578947368421,0.5,0.05,2,76,4,4
rows,unixcoder,5,0.020833333333333332,0.045454545454545456,0.028571428571428574,1,48,22,12
rows,unixcoder,10,0.027777777777777776,0.13636363636363635,0.04615384615384615,3,108,22,12
rows,unixcoder,15,0.023809523809523808,0.18181818181818182,0.042105263157894736,4,168,22,12
rows,unixcoder,20,0.017543859649122806,0.18181818181818182,0.032,4,228,22,12
boltons,unixcoder,5,0.2589928057553957,0.41379310344827586,0.3185840707964602,108,417,261,103
boltons,unixcoder,10,0.14347357065803668,0.5095785440613027,0.22390572390572389,133,927,261,103
boltons,unixcoder,15,0.10617626648161,0.5862068965517241,0.17978848413631018,153,1441,261,103
boltons,unixcoder,20,0.08491048593350384,0.6360153256704981,0.14981949458483756,166,1955,261,103
gunicorn,unixcoder,5,0.11956521739130435,0.28205128205128205,0.16793893129770995,11,92,39,23
gunicorn,unixcoder,10,0.06763285024154589,0.358974358974359,0.1138211382113821,14,207,39,23
gunicorn,unixcoder,15,0.059006211180124224,0.48717948717948717,0.10526315789473684,19,322,39,23
gunicorn,unixcoder,20,0.057208237986270026,0.6410256410256411,0.10504201680672269,25,437,39,23
jc,unixcoder,5,0.06896551724137931,0.047619047619047616,0.056338028169014086,2,29,42,7
jc,unixcoder,10,0.078125,0.11904761904761904,0.09433962264150944,5,64,42,7
jc,unixcoder,15,0.06060606060606061,0.14285714285714285,0.0851063829787234,6,99,42,7
jc,unixcoder,20,0.05970149253731343,0.19047619047619047,0.09090909090909091,8,134,42,7
mackup,unixcoder,5,0.17857142857142858,0.45454545454545453,0.25641025641025644,5,28,11,7
mackup,unixcoder,10,0.07936507936507936,0.45454545454545453,0.13513513513513514,5,63,11,7
mackup,unixcoder,15,0.05102040816326531,0.45454545454545453,0.09174311926605504,5,98,11,7
mackup,unixcoder,20,0.03759398496240601,0.45454545454545453,0.06944444444444443,5,133,11,7
mmcv,unixcoder,5,0.6875,1.0,0.8148148148148148,11,16,11,4
mmcv,unixcoder,10,0.3055555555555556,1.0,0.46808510638297873,11,36,11,4
mmcv,unixcoder,15,0.19642857142857142,1.0,0.3283582089552239,11,56,11,4
mmcv,unixcoder,20,0.14473684210526316,1.0,0.2528735632183908,11,76,11,4
praw,unixcoder,5,0.3392857142857143,0.7916666666666666,0.475,19,56,24,14
praw,unixcoder,10,0.15873015873015872,0.8333333333333334,0.26666666666666666,20,126,24,14
praw,unixcoder,15,0.10204081632653061,0.8333333333333334,0.18181818181818182,20,196,24,14
praw,unixcoder,20,0.07894736842105263,0.875,0.14482758620689654,21,266,24,14
PyJWT,unixcoder,5,0.17391304347826086,0.3076923076923077,0.2222222222222222,4,23,13,6
PyJWT,unixcoder,10,0.09615384615384616,0.38461538461538464,0.15384615384615385,5,52,13,6
PyJWT,unixcoder,15,0.07317073170731707,0.46153846153846156,0.12631578947368421,6,82,13,6
PyJWT,unixcoder,20,0.0625,0.5384615384615384,0.112,7,112,13,6
pymusic-dl,unixcoder,5,0.375,0.375,0.375,3,8,8,2
pymusic-dl,unixcoder,10,0.16666666666666666,0.375,0.23076923076923078,3,18,8,2
pymusic-dl,unixcoder,15,0.14285714285714285,0.5,0.22222222222222224,4,28,8,2
pymusic-dl,unixcoder,20,0.10526315789473684,0.5,0.17391304347826086,4,38,8,2
sacred,unixcoder,5,0.10112359550561797,0.21951219512195122,0.13846153846153847,18,178,82,44
sacred,unixcoder,10,0.06565656565656566,0.3170731707317073,0.10878661087866108,26,396,82,44
sacred,unixcoder,15,0.05357142857142857,0.4024390243902439,0.09455587392550144,33,616,82,44
sacred,unixcoder,20,0.0430622009569378,0.43902439024390244,0.07843137254901962,36,836,82,44
stellar,unixcoder,5,0.0,0.0,0.0,0,8,2,2
stellar,unixcoder,10,0.0,0.0,0.0,0,18,2,2
stellar,unixcoder,15,0.0,0.0,0.0,0,28,2,2
stellar,unixcoder,20,0.0,0.0,0.0,0,38,2,2
whereami,unixcoder,5,0.0,0.0,0.0,0,4,2,1
whereami,unixcoder,10,0.1111111111111111,0.5,0.1818181818181818,1,9,2,1
whereami,unixcoder,15,0.14285714285714285,1.0,0.25,2,14,2,1
whereami,unixcoder,20,0.10526315789473684,1.0,0.1904761904761905,2,19,2,1
ALL,unixcoder,5,0.16720795153783663,0.27149746033021155,0.19945195374598723,980,5908,3883,1430
ALL,unixcoder,10,0.09988574715772525,0.35440128970854495,0.15173857397157547,1296,13018,3883,1430
ALL,unixcoder,15,0.07533467108513578,0.414520054847743,0.12499355948928895,1516,20161,3883,1430
ALL,unixcoder,20,0.06134642276525948,0.4526870022177017,0.10591531222741318,1673,27305,3883,1430
